Scrape_Timestamp,Days_to_Departure,Departure_Date,Day_of_Week,Departure_Time,Arrival_Time,Source_City,Destination_City,Airline,Flight_Number,Total_Duration_Mins,Number_of_Stops,CO2_Emissions_Grams,Price_Level,Flight_Category,Price_INR
2026-06-02 16:56:15,1,2026-06-03,Wednesday,11:35 PM,1:45 AM,BOM,DEL,SpiceJet,,130,0,103000,High,Best,15162
2026-06-02 16:56:15,1,2026-06-03,Wednesday,5:45 AM,10:35 AM,BOM,DEL,IndiGo,DQ 110,290,1,110000,High,Cheapest,14213
2026-06-02 16:56:29,3,2026-06-05,Friday,5:45 AM,10:35 AM,BOM,DEL,IndiGo,DQ 110,290,1,110000,Typical,Best,13243
2026-06-02 16:56:29,3,2026-06-05,Friday,5:45 AM,10:35 AM,BOM,DEL,IndiGo,DQ 110,290,1,110000,Typical,Cheapest,13243
2026-06-02 16:56:45,7,2026-06-09,Tuesday,10:25 AM,2:55 PM,BOM,DEL,IndiGo,DR 109,270,1,109000,Typical,Best,12700
2026-06-02 16:56:45,7,2026-06-09,Tuesday,10:25 AM,2:55 PM,BOM,DEL,IndiGo,DR 109,270,1,109000,Typical,Cheapest,12700
2026-06-02 16:57:00,14,2026-06-16,Tuesday,12:55 PM,3:20 PM,BOM,DEL,Akasa Air,,145,0,87000,Typical,Best,13146
2026-06-02 16:57:00,14,2026-06-16,Tuesday,10:25 AM,2:55 PM,BOM,DEL,IndiGo,DR 109,270,1,109000,Typical,Cheapest,12090
2026-06-02 16:57:16,30,2026-07-02,Thursday,5:00 AM,7:10 AM,BOM,DEL,IndiGo,,130,0,90000,Typical,Best,12830
2026-06-02 16:57:16,30,2026-07-02,Thursday,1:30 AM,6:45 AM,BOM,DEL,IndiGo,MD 115,315,1,115000,Typical,Cheapest,11958
2026-06-02 16:57:29,60,2026-08-01,Saturday,7:00 AM,9:20 AM,BOM,DEL,Akasa Air,,140,0,88000,High,Best,12476
2026-06-02 16:57:29,60,2026-08-01,Saturday,1:30 AM,6:45 AM,BOM,DEL,IndiGo,MD 117,315,1,117000,High,Cheapest,11958
2026-06-02 16:57:45,1,2026-06-03,Wednesday,4:30 AM,6:25 AM,BOM,BLR,IndiGo,,115,0,68000,High,Best,11517
2026-06-02 16:57:45,1,2026-06-03,Wednesday,12:05 PM,6:10 PM,BOM,BLR,IndiGo,SR 139,365,1,139000,High,Cheapest,10959
2026-06-02 16:57:55,3,2026-06-05,Friday,4:30 AM,6:25 AM,BOM,BLR,IndiGo,,115,0,68000,High,Best,11191
2026-06-02 16:57:55,3,2026-06-05,Friday,4:55 PM,9:20 PM,BOM,BLR,IndiGo,AG 137,265,1,137000,High,Cheapest,10915
2026-06-02 16:58:06,7,2026-06-09,Tuesday,1:10 AM,3:05 AM,BOM,BLR,IndiGo,,115,0,69000,High,Best,11517
2026-06-02 16:58:06,7,2026-06-09,Tuesday,2:45 AM,7:50 AM,BOM,BLR,IndiGo,YD 109,305,1,109000,High,Cheapest,10749
2026-06-02 16:58:17,14,2026-06-16,Tuesday,4:30 AM,6:25 AM,BOM,BLR,IndiGo,,115,0,69000,High,Best,11517
2026-06-02 16:58:17,14,2026-06-16,Tuesday,5:00 AM,9:20 AM,BOM,BLR,IndiGo,OI 99,260,1,99000,High,Cheapest,10978
2026-06-02 16:58:27,30,2026-07-02,Thursday,9:45 PM,11:45 PM,BOM,BLR,Akasa Air,,120,0,72000,Typical,Best,8560
2026-06-02 16:58:27,30,2026-07-02,Thursday,9:45 PM,11:45 PM,BOM,BLR,Akasa Air,,120,0,72000,Typical,Cheapest,8560
2026-06-02 16:58:41,60,2026-08-01,Saturday,9:15 AM,1:35 PM,BOM,BLR,IndiGo,OX 96,260,1,96000,High,Best,8321
2026-06-02 16:58:41,60,2026-08-01,Saturday,9:15 AM,1:35 PM,BOM,BLR,IndiGo,OX 96,260,1,96000,High,Cheapest,8321
2026-06-02 16:58:53,1,2026-06-03,Wednesday,5:50 PM,10:00 PM,BOM,HYD,IndiGo,SR 129,250,1,129000,High,Best,11707
2026-06-02 16:58:53,1,2026-06-03,Wednesday,5:50 PM,10:00 PM,BOM,HYD,IndiGo,SR 129,250,1,129000,High,Cheapest,11707
2026-06-02 16:59:05,3,2026-06-05,Friday,7:15 AM,12:30 PM,BOM,HYD,IndiGo,PR 143,315,1,143000,Typical,Best,9445
2026-06-02 16:59:05,3,2026-06-05,Friday,7:15 AM,12:30 PM,BOM,HYD,IndiGo,PR 143,315,1,143000,Typical,Cheapest,9445
2026-06-02 16:59:16,7,2026-06-09,Tuesday,7:15 AM,12:30 PM,BOM,HYD,IndiGo,PR 143,315,1,143000,Typical,Best,9434
2026-06-02 16:59:16,7,2026-06-09,Tuesday,6:50 PM,12:10 AM,BOM,HYD,IndiGo,MD 124,320,1,124000,Typical,Cheapest,9303
2026-06-02 16:59:29,14,2026-06-16,Tuesday,12:30 AM,2:10 AM,BOM,HYD,IndiGo,,100,0,56000,Typical,Best,10438
2026-06-02 16:59:29,14,2026-06-16,Tuesday,7:15 AM,12:30 PM,BOM,HYD,IndiGo,PR 143,315,1,143000,Typical,Cheapest,9434
2026-06-02 16:59:46,30,2026-07-02,Thursday,12:30 AM,2:10 AM,BOM,HYD,IndiGo,,100,0,72000,Typical,Best,9323
2026-06-02 16:59:46,30,2026-07-02,Thursday,7:15 AM,12:30 PM,BOM,HYD,IndiGo,PR 127,315,1,127000,Typical,Cheapest,8572
2026-06-02 16:59:58,60,2026-08-01,Saturday,12:30 AM,2:10 AM,BOM,HYD,IndiGo,,100,0,73000,High,Best,9323
2026-06-02 16:59:58,60,2026-08-01,Saturday,5:35 AM,9:55 AM,BOM,HYD,IndiGo,XU 86,260,1,86000,High,Cheapest,9150
2026-06-02 17:00:13,1,2026-06-03,Wednesday,11:00 PM,1:05 AM,BOM,MAA,IndiGo,,125,0,98000,High,Best,11429
2026-06-02 17:00:13,1,2026-06-03,Wednesday,11:00 PM,1:05 AM,BOM,MAA,IndiGo,,125,0,98000,High,Cheapest,11429
2026-06-02 17:00:27,3,2026-06-05,Friday,4:05 AM,6:05 AM,BOM,MAA,IndiGo,,120,0,81000,High,Best,11108
2026-06-02 17:00:27,3,2026-06-05,Friday,4:05 AM,6:05 AM,BOM,MAA,IndiGo,,120,0,81000,High,Cheapest,11108
2026-06-02 17:00:44,7,2026-06-09,Tuesday,4:05 AM,6:05 AM,BOM,MAA,IndiGo,,120,0,81000,High,Best,11108
2026-06-02 17:00:44,7,2026-06-09,Tuesday,2:45 AM,8:15 AM,BOM,MAA,IndiGo,LR 104,330,1,104000,High,Cheapest,11007
2026-06-02 17:00:59,14,2026-06-16,Tuesday,5:00 AM,7:00 AM,BOM,MAA,Akasa Air,,120,0,78000,Typical,Best,10799
2026-06-02 17:00:59,14,2026-06-16,Tuesday,5:00 AM,7:00 AM,BOM,MAA,Akasa Air,,120,0,78000,Typical,Cheapest,10799
2026-06-02 17:01:12,30,2026-07-02,Thursday,4:05 AM,6:05 AM,BOM,MAA,IndiGo,,120,0,82000,Typical,Best,10674
2026-06-02 17:01:12,30,2026-07-02,Thursday,4:00 AM,9:15 AM,BOM,MAA,IndiGo,MD 153,315,1,153000,Typical,Cheapest,10443
2026-06-02 17:01:27,60,2026-08-01,Saturday,4:05 AM,6:05 AM,BOM,MAA,IndiGo,,120,0,83000,High,Best,11108
2026-06-02 17:01:27,60,2026-08-01,Saturday,8:05 AM,1:55 PM,BOM,MAA,IndiGo,LR 107,350,1,107000,High,Cheapest,11007
2026-06-02 17:01:41,1,2026-06-03,Wednesday,1:10 AM,7:35 AM,BOM,CCU,IndiGo,LR 177,385,1,177000,High,Best,14772
2026-06-02 17:01:41,1,2026-06-03,Wednesday,1:10 AM,7:35 AM,BOM,CCU,IndiGo,LR 177,385,1,177000,High,Cheapest,14772
2026-06-02 17:01:55,3,2026-06-05,Friday,2:45 AM,5:30 AM,BOM,CCU,IndiGo,,165,0,117000,,Best,15207
2026-06-02 17:01:55,3,2026-06-05,Friday,2:45 AM,5:30 AM,BOM,CCU,IndiGo,,165,0,117000,,Cheapest,15207
2026-06-02 17:02:10,7,2026-06-09,Tuesday,4:30 AM,10:35 AM,BOM,CCU,IndiGo,LR 176,365,1,176000,High,Best,14913
2026-06-02 17:02:10,7,2026-06-09,Tuesday,4:30 AM,10:35 AM,BOM,CCU,IndiGo,LR 176,365,1,176000,High,Cheapest,14913
2026-06-02 17:02:24,14,2026-06-16,Tuesday,8:10 PM,11:15 PM,BOM,CCU,Akasa Air,,185,0,118000,,Best,14572
2026-06-02 17:02:24,14,2026-06-16,Tuesday,2:45 AM,8:05 AM,BOM,CCU,IndiGo,YD 147,320,1,147000,,Cheapest,13809
2026-06-02 17:02:36,30,2026-07-02,Thursday,12:35 AM,3:20 AM,BOM,CCU,Akasa Air,,165,0,113000,Typical,Best,11099
2026-06-02 17:02:36,30,2026-07-02,Thursday,12:35 AM,3:20 AM,BOM,CCU,Akasa Air,,165,0,113000,Typical,Cheapest,11099
2026-06-02 17:02:53,60,2026-08-01,Saturday,5:20 PM,8:15 PM,BOM,CCU,Akasa Air,,175,0,122000,High,Best,12695
2026-06-02 17:02:53,60,2026-08-01,Saturday,10:45 AM,5:00 PM,BOM,CCU,IndiGo,XR 139,375,1,139000,High,Cheapest,12512
2026-06-02 17:03:13,1,2026-06-03,Wednesday,6:35 AM,2:15 PM,BOM,PNQ,"Air India, Air India Express",LR 155,460,1,155000,,Best,
2026-06-02 17:03:13,1,2026-06-03,Wednesday,6:35 AM,2:15 PM,BOM,PNQ,"Air India, Air India Express",LR 155,460,1,155000,,Cheapest,
2026-06-02 17:03:24,3,2026-06-05,Friday,7:55 AM,2:15 PM,BOM,PNQ,"Air India, Air India Express",LR 155,380,1,155000,,Best,
2026-06-02 17:03:24,3,2026-06-05,Friday,7:55 AM,2:15 PM,BOM,PNQ,"Air India, Air India Express",LR 155,380,1,155000,,Cheapest,
2026-06-02 17:03:35,7,2026-06-09,Tuesday,7:55 AM,2:15 PM,BOM,PNQ,"Air India, Air India Express",LR 165,380,1,165000,,Best,
2026-06-02 17:03:35,7,2026-06-09,Tuesday,7:55 AM,2:15 PM,BOM,PNQ,"Air India, Air India Express",LR 165,380,1,165000,,Cheapest,
2026-06-02 17:03:52,14,2026-06-16,Tuesday,7:55 AM,2:15 PM,BOM,PNQ,"Air India, Air India Express",LR 163,380,1,163000,,Best,
2026-06-02 17:03:52,14,2026-06-16,Tuesday,7:55 AM,2:15 PM,BOM,PNQ,"Air India, Air India Express",LR 163,380,1,163000,,Cheapest,
2026-06-02 17:04:02,30,2026-07-02,Thursday,7:55 AM,2:15 PM,BOM,PNQ,"Air India, Air India Express",LR 151,380,1,151000,,Best,
2026-06-02 17:04:02,30,2026-07-02,Thursday,7:55 AM,2:15 PM,BOM,PNQ,"Air India, Air India Express",LR 151,380,1,151000,,Cheapest,
2026-06-02 17:04:18,60,2026-08-01,Saturday,7:25 AM,5:35 PM,BOM,PNQ,"Air India, Air India Express",DR 121,610,1,121000,,Best,
2026-06-02 17:04:18,60,2026-08-01,Saturday,7:25 AM,5:35 PM,BOM,PNQ,"Air India, Air India Express",DR 121,610,1,121000,,Cheapest,
2026-06-02 17:04:33,1,2026-06-03,Wednesday,1:30 AM,2:50 AM,BOM,AMD,IndiGo,,80,0,50000,Typical,Best,6626
2026-06-02 17:04:33,1,2026-06-03,Wednesday,1:30 AM,2:50 AM,BOM,AMD,IndiGo,,80,0,50000,Typical,Cheapest,6626
2026-06-02 17:04:50,3,2026-06-05,Friday,11:10 PM,12:35 AM,BOM,AMD,IndiGo,,85,0,50000,High,Best,6941
2026-06-02 17:04:50,3,2026-06-05,Friday,11:10 PM,12:35 AM,BOM,AMD,IndiGo,,85,0,50000,High,Cheapest,6941
2026-06-02 17:05:04,7,2026-06-09,Tuesday,8:00 PM,9:20 PM,BOM,AMD,IndiGo,,80,0,50000,Typical,Best,5681
2026-06-02 17:05:04,7,2026-06-09,Tuesday,8:00 PM,9:20 PM,BOM,AMD,IndiGo,,80,0,50000,Typical,Cheapest,5681
2026-06-02 17:05:16,14,2026-06-16,Tuesday,1:30 AM,2:50 AM,BOM,AMD,IndiGo,,80,0,50000,Typical,Best,5681
2026-06-02 17:05:16,14,2026-06-16,Tuesday,1:30 AM,2:50 AM,BOM,AMD,IndiGo,,80,0,50000,Typical,Cheapest,5681
2026-06-02 17:05:30,30,2026-07-02,Thursday,1:30 AM,2:50 AM,BOM,AMD,IndiGo,,80,0,51000,Typical,Best,5681
2026-06-02 17:05:30,30,2026-07-02,Thursday,1:30 AM,2:50 AM,BOM,AMD,IndiGo,,80,0,51000,Typical,Cheapest,5681
2026-06-02 17:05:41,60,2026-08-01,Saturday,6:40 PM,8:00 PM,BOM,AMD,IndiGo,,80,0,47000,Typical,Best,5681
2026-06-02 17:05:41,60,2026-08-01,Saturday,6:40 PM,8:00 PM,BOM,AMD,IndiGo,,80,0,47000,Typical,Cheapest,5681
2026-06-02 17:05:50,1,2026-06-03,Wednesday,8:45 PM,3:00 PM,BOM,STV,"Air India, Air India Express",LR 176,1095,1,176000,,Best,27154
2026-06-02 17:05:50,1,2026-06-03,Wednesday,8:45 PM,3:00 PM,BOM,STV,"Air India, Air India Express",LR 176,1095,1,176000,,Cheapest,27154
2026-06-02 17:06:08,3,2026-06-05,Friday,10:10 AM,9:05 PM,BOM,STV,"Air India, Air India Express",EL 331,655,2,331000,,Best,
2026-06-02 17:06:08,3,2026-06-05,Friday,10:10 AM,9:05 PM,BOM,STV,"Air India, Air India Express",EL 331,655,2,331000,,Cheapest,
2026-06-02 17:06:18,7,2026-06-09,Tuesday,9:00 AM,9:05 PM,BOM,STV,"Air India, Air India Express",EL 338,725,2,338000,,Best,
2026-06-02 17:06:18,7,2026-06-09,Tuesday,9:00 AM,9:05 PM,BOM,STV,"Air India, Air India Express",EL 338,725,2,338000,,Cheapest,
2026-06-02 17:06:31,14,2026-06-16,Tuesday,9:00 AM,9:05 PM,BOM,STV,"Air India, Air India Express",EL 338,725,2,338000,,Best,
2026-06-02 17:06:31,14,2026-06-16,Tuesday,9:00 AM,9:05 PM,BOM,STV,"Air India, Air India Express",EL 338,725,2,338000,,Cheapest,
2026-06-02 17:08:02,1,2026-06-03,Wednesday,4:30 AM,2:10 PM,BOM,VTZ,IndiGo,LR 147,580,1,147000,High,Best,16733
2026-06-02 17:08:02,1,2026-06-03,Wednesday,4:30 AM,2:10 PM,BOM,VTZ,IndiGo,LR 147,580,1,147000,High,Cheapest,16733
2026-06-02 17:08:12,3,2026-06-05,Friday,12:30 AM,8:25 AM,BOM,VTZ,IndiGo,YD 109,475,1,109000,,Best,14436
2026-06-02 17:08:12,3,2026-06-05,Friday,12:30 AM,8:25 AM,BOM,VTZ,IndiGo,YD 109,475,1,109000,,Cheapest,14436
2026-06-02 17:08:22,7,2026-06-09,Tuesday,6:30 AM,1:20 PM,BOM,VTZ,IndiGo,JB 159,410,2,159000,High,Best,14503
2026-06-02 17:08:22,7,2026-06-09,Tuesday,6:30 AM,1:20 PM,BOM,VTZ,IndiGo,JB 159,410,2,159000,High,Cheapest,14503
2026-06-02 17:08:32,14,2026-06-16,Tuesday,6:30 AM,1:20 PM,BOM,VTZ,IndiGo,JB 159,410,2,159000,High,Best,14876
2026-06-02 17:08:32,14,2026-06-16,Tuesday,6:30 AM,1:20 PM,BOM,VTZ,IndiGo,JB 159,410,2,159000,High,Cheapest,14876
2026-06-02 17:08:45,30,2026-07-02,Thursday,2:45 AM,8:25 AM,BOM,VTZ,IndiGo,YD 108,340,1,108000,,Best,12823
2026-06-02 17:08:45,30,2026-07-02,Thursday,2:45 AM,8:25 AM,BOM,VTZ,IndiGo,YD 108,340,1,108000,,Cheapest,12823
2026-06-02 17:08:55,60,2026-08-01,Saturday,2:45 AM,8:25 AM,BOM,VTZ,IndiGo,YD 109,340,1,109000,High,Best,12363
2026-06-02 17:08:55,60,2026-08-01,Saturday,2:45 AM,8:25 AM,BOM,VTZ,IndiGo,YD 109,340,1,109000,High,Cheapest,12363
2026-06-02 17:09:08,1,2026-06-03,Wednesday,11:20 PM,1:00 AM,BOM,JAI,IndiGo,,100,0,70000,,Best,12044
2026-06-02 17:09:08,1,2026-06-03,Wednesday,11:20 PM,1:00 AM,BOM,JAI,IndiGo,,100,0,70000,,Cheapest,12044
2026-06-02 17:09:20,3,2026-06-05,Friday,4:00 AM,8:00 AM,BOM,JAI,IndiGo,MD 99,240,1,99000,High,Best,12931
2026-06-02 17:09:20,3,2026-06-05,Friday,4:00 AM,8:00 AM,BOM,JAI,IndiGo,MD 99,240,1,99000,High,Cheapest,12931
2026-06-02 17:09:32,7,2026-06-09,Tuesday,11:20 PM,1:00 AM,BOM,JAI,IndiGo,,100,0,70000,,Best,11151
2026-06-02 17:09:32,7,2026-06-09,Tuesday,11:20 PM,1:00 AM,BOM,JAI,IndiGo,,100,0,70000,,Cheapest,11151
2026-06-02 17:09:46,14,2026-06-16,Tuesday,8:40 AM,10:30 AM,BOM,JAI,IndiGo,,110,0,70000,,Best,11665
2026-06-02 17:09:46,14,2026-06-16,Tuesday,8:40 AM,10:30 AM,BOM,JAI,IndiGo,,110,0,70000,,Cheapest,11665
2026-06-02 17:10:02,30,2026-07-02,Thursday,8:40 AM,10:30 AM,BOM,JAI,IndiGo,,110,0,71000,Typical,Best,11356
2026-06-02 17:10:02,30,2026-07-02,Thursday,8:40 AM,10:30 AM,BOM,JAI,IndiGo,,110,0,71000,Typical,Cheapest,11356
2026-06-02 17:10:17,60,2026-08-01,Saturday,11:20 PM,1:00 AM,BOM,JAI,IndiGo,,100,0,72000,High,Best,11356
2026-06-02 17:10:17,60,2026-08-01,Saturday,11:20 PM,1:00 AM,BOM,JAI,IndiGo,,100,0,72000,High,Cheapest,11356
2026-06-02 17:10:34,1,2026-06-03,Wednesday,10:45 PM,12:40 AM,BOM,COK,IndiGo,,115,0,78000,,Best,16552
2026-06-02 17:10:34,1,2026-06-03,Wednesday,10:45 PM,12:40 AM,BOM,COK,IndiGo,,115,0,78000,,Cheapest,16552
2026-06-02 17:10:47,3,2026-06-05,Friday,10:45 PM,12:40 AM,BOM,COK,IndiGo,,115,0,78000,High,Best,13115
2026-06-02 17:10:47,3,2026-06-05,Friday,10:45 PM,12:40 AM,BOM,COK,IndiGo,,115,0,78000,High,Cheapest,13115
2026-06-02 17:10:59,7,2026-06-09,Tuesday,5:10 PM,7:10 PM,BOM,COK,IndiGo,,120,0,78000,,Best,13115
2026-06-02 17:10:59,7,2026-06-09,Tuesday,5:10 PM,7:10 PM,BOM,COK,IndiGo,,120,0,78000,,Cheapest,13115
2026-06-02 17:11:14,14,2026-06-16,Tuesday,5:10 PM,7:10 PM,BOM,COK,IndiGo,,120,0,78000,High,Best,13115
2026-06-02 17:11:14,14,2026-06-16,Tuesday,5:10 PM,7:10 PM,BOM,COK,IndiGo,,120,0,78000,High,Cheapest,13115
2026-06-02 17:11:25,30,2026-07-02,Thursday,10:45 PM,12:40 AM,BOM,COK,IndiGo,,115,0,80000,,Best,12119
2026-06-02 17:11:25,30,2026-07-02,Thursday,10:45 PM,12:40 AM,BOM,COK,IndiGo,,115,0,80000,,Cheapest,12119
2026-06-02 17:11:39,60,2026-08-01,Saturday,9:00 AM,11:05 AM,BOM,COK,Akasa Air,,125,0,81000,Typical,Best,10698
2026-06-02 17:11:39,60,2026-08-01,Saturday,9:00 AM,11:05 AM,BOM,COK,Akasa Air,,125,0,81000,Typical,Cheapest,10698
2026-06-02 17:11:51,1,2026-06-03,Wednesday,5:00 AM,9:10 AM,BOM,IXC,IndiGo,EL 122,250,1,122000,,Best,19134
2026-06-02 17:11:51,1,2026-06-03,Wednesday,5:00 AM,9:10 AM,BOM,IXC,IndiGo,EL 122,250,1,122000,,Cheapest,19134
2026-06-02 17:12:01,3,2026-06-05,Friday,2:15 PM,4:35 PM,BOM,IXC,IndiGo,,140,0,97000,,Best,16702
2026-06-02 17:12:01,3,2026-06-05,Friday,2:15 PM,4:35 PM,BOM,IXC,IndiGo,,140,0,97000,,Cheapest,16702
2026-06-02 17:12:12,7,2026-06-09,Tuesday,6:50 PM,11:30 PM,BOM,IXC,IndiGo,MD 125,280,1,125000,,Best,15682
2026-06-02 17:12:12,7,2026-06-09,Tuesday,2:55 PM,11:30 PM,BOM,IXC,IndiGo,MD 129,515,1,129000,,Cheapest,15655
2026-06-02 17:12:25,14,2026-06-16,Tuesday,6:50 PM,11:30 PM,BOM,IXC,IndiGo,MD 125,280,1,125000,,Best,15409
2026-06-02 17:12:25,14,2026-06-16,Tuesday,6:50 PM,11:30 PM,BOM,IXC,IndiGo,MD 125,280,1,125000,,Cheapest,15409
2026-06-02 17:12:39,30,2026-07-02,Thursday,7:05 AM,11:40 AM,BOM,IXC,IndiGo,DR 127,275,1,127000,High,Best,15657
2026-06-02 17:12:39,30,2026-07-02,Thursday,8:50 AM,1:20 PM,BOM,IXC,IndiGo,MD 131,270,1,131000,High,Cheapest,15526
2026-06-02 17:12:54,60,2026-08-01,Saturday,8:50 AM,1:20 PM,BOM,IXC,IndiGo,MD 133,270,1,133000,High,Best,15181
2026-06-02 17:12:54,60,2026-08-01,Saturday,8:50 AM,1:20 PM,BOM,IXC,IndiGo,MD 133,270,1,133000,High,Cheapest,15181
2026-06-02 17:13:11,1,2026-06-03,Wednesday,1:20 PM,3:00 PM,BOM,IDR,IndiGo,,100,0,55000,High,Best,12258
2026-06-02 17:13:11,1,2026-06-03,Wednesday,1:20 PM,3:00 PM,BOM,IDR,IndiGo,,100,0,55000,High,Cheapest,12258
2026-06-02 17:13:25,3,2026-06-05,Friday,1:20 PM,3:00 PM,BOM,IDR,IndiGo,,100,0,55000,High,Best,12246
2026-06-02 17:13:25,3,2026-06-05,Friday,1:20 PM,3:00 PM,BOM,IDR,IndiGo,,100,0,55000,High,Cheapest,12246
2026-06-02 17:13:36,7,2026-06-09,Tuesday,10:25 AM,11:50 AM,BOM,IDR,IndiGo,,85,0,51000,High,Best,12246
2026-06-02 17:13:36,7,2026-06-09,Tuesday,10:25 AM,11:50 AM,BOM,IDR,IndiGo,,85,0,51000,High,Cheapest,12246
2026-06-02 17:13:46,14,2026-06-16,Tuesday,1:20 PM,3:00 PM,BOM,IDR,IndiGo,,100,0,55000,,Best,11030
2026-06-02 17:13:46,14,2026-06-16,Tuesday,1:20 PM,3:00 PM,BOM,IDR,IndiGo,,100,0,55000,,Cheapest,11030
2026-06-02 17:13:57,30,2026-07-02,Thursday,4:50 PM,6:15 PM,BOM,IDR,IndiGo,,85,0,52000,Typical,Best,10545
2026-06-02 17:13:57,30,2026-07-02,Thursday,4:50 PM,6:15 PM,BOM,IDR,IndiGo,,85,0,52000,Typical,Cheapest,10545
2026-06-02 17:14:08,60,2026-08-01,Saturday,12:25 PM,1:40 PM,BOM,IDR,Star Air,,75,0,110000,High,Best,9300
2026-06-02 17:14:08,60,2026-08-01,Saturday,12:25 PM,1:40 PM,BOM,IDR,Star Air,,75,0,110000,High,Cheapest,9300
2026-06-02 17:14:17,1,2026-06-03,Wednesday,4:45 AM,6:55 AM,BOM,LKO,IndiGo,,130,0,88000,High,Best,14805
2026-06-02 17:14:17,1,2026-06-03,Wednesday,2:00 PM,7:40 PM,BOM,LKO,IndiGo,EL 133,340,1,133000,High,Cheapest,14336
2026-06-02 17:14:29,3,2026-06-05,Friday,4:45 AM,6:55 AM,BOM,LKO,IndiGo,,130,0,88000,Typical,Best,12951
2026-06-02 17:14:29,3,2026-06-05,Friday,2:45 AM,9:20 AM,BOM,LKO,IndiGo,YD 139,395,1,139000,Typical,Cheapest,12613
2026-06-02 17:14:39,7,2026-06-09,Tuesday,4:45 AM,6:55 AM,BOM,LKO,IndiGo,,130,0,88000,Typical,Best,12561
2026-06-02 17:14:39,7,2026-06-09,Tuesday,10:15 PM,6:40 AM,BOM,LKO,IndiGo,EL 145,505,1,145000,Typical,Cheapest,11298
2026-06-02 17:14:52,14,2026-06-16,Tuesday,4:45 AM,6:55 AM,BOM,LKO,IndiGo,,130,0,88000,Typical,Best,12561
2026-06-02 17:14:52,14,2026-06-16,Tuesday,10:15 PM,6:40 AM,BOM,LKO,IndiGo,EL 145,505,1,145000,Typical,Cheapest,11298
2026-06-02 17:15:09,30,2026-07-02,Thursday,4:00 AM,10:05 AM,BOM,LKO,IndiGo,MD 133,365,1,133000,Typical,Best,10356
2026-06-02 17:15:09,30,2026-07-02,Thursday,4:00 AM,10:05 AM,BOM,LKO,IndiGo,MD 133,365,1,133000,Typical,Cheapest,10356
2026-06-02 17:15:24,60,2026-08-01,Saturday,3:15 PM,8:05 PM,BOM,LKO,IndiGo,YD 149,290,1,149000,High,Best,10987
2026-06-02 17:15:24,60,2026-08-01,Saturday,3:15 PM,8:05 PM,BOM,LKO,IndiGo,YD 149,290,1,149000,High,Cheapest,10987
2026-06-02 17:15:34,1,2026-06-03,Wednesday,9:25 PM,2:15 AM,DEL,BOM,IndiGo,KO 137,290,1,137000,,Best,19957
2026-06-02 17:15:34,1,2026-06-03,Wednesday,9:25 PM,2:15 AM,DEL,BOM,IndiGo,KO 137,290,1,137000,,Cheapest,19957
2026-06-02 17:15:45,3,2026-06-05,Friday,5:00 AM,7:15 AM,DEL,BOM,IndiGo,,135,0,86000,High,Best,13866
2026-06-02 17:15:45,3,2026-06-05,Friday,5:00 AM,7:15 AM,DEL,BOM,IndiGo,,135,0,86000,High,Cheapest,13866
2026-06-02 17:15:58,7,2026-06-09,Tuesday,5:00 AM,7:15 AM,DEL,BOM,IndiGo,,135,0,86000,,Best,14125
2026-06-02 17:15:58,7,2026-06-09,Tuesday,5:40 AM,10:30 AM,DEL,BOM,IndiGo,SR 114,290,1,114000,,Cheapest,13378
2026-06-02 17:16:14,14,2026-06-16,Tuesday,6:40 AM,10:30 AM,DEL,BOM,IndiGo,MD 129,230,1,129000,Typical,Best,12349
2026-06-02 17:16:14,14,2026-06-16,Tuesday,6:40 AM,10:30 AM,DEL,BOM,IndiGo,MD 129,230,1,129000,Typical,Cheapest,12349
2026-06-02 17:16:27,30,2026-07-02,Thursday,4:00 PM,6:20 PM,DEL,BOM,Akasa Air,,140,0,90000,Typical,Best,13116
2026-06-02 17:16:27,30,2026-07-02,Thursday,12:15 AM,5:30 AM,DEL,BOM,IndiGo,MD 115,315,1,115000,Typical,Cheapest,11958
2026-06-02 17:16:39,60,2026-08-01,Saturday,4:00 PM,6:20 PM,DEL,BOM,Akasa Air,,140,0,91000,High,Best,13090
2026-06-02 17:16:39,60,2026-08-01,Saturday,12:15 AM,5:30 AM,DEL,BOM,IndiGo,MD 117,315,1,117000,High,Cheapest,11958
2026-06-02 17:16:56,1,2026-06-03,Wednesday,1:00 PM,12:05 AM,DEL,BLR,Air India ExpressAir India,KO 180,665,1,180000,,Best,21997
2026-06-02 17:16:56,1,2026-06-03,Wednesday,1:00 PM,12:05 AM,DEL,BLR,Air India ExpressAir India,KO 180,665,1,180000,,Cheapest,21997
2026-06-02 17:17:09,3,2026-06-05,Friday,5:20 AM,11:00 AM,DEL,BLR,IndiGo,AI 138,340,1,138000,High,Best,18858
2026-06-02 17:17:09,3,2026-06-05,Friday,5:20 AM,11:00 AM,DEL,BLR,IndiGo,AI 138,340,1,138000,High,Cheapest,18858
2026-06-02 17:17:28,7,2026-06-09,Tuesday,11:20 AM,4:45 PM,DEL,BLR,IndiGo,DR 138,325,1,138000,High,Best,16389
2026-06-02 17:17:28,7,2026-06-09,Tuesday,11:20 AM,4:45 PM,DEL,BLR,IndiGo,DR 138,325,1,138000,High,Cheapest,16389
2026-06-02 17:17:42,14,2026-06-16,Tuesday,5:20 AM,11:00 AM,DEL,BLR,IndiGo,AI 138,340,1,138000,,Best,16177
2026-06-02 17:17:42,14,2026-06-16,Tuesday,5:20 AM,11:00 AM,DEL,BLR,IndiGo,AI 138,340,1,138000,,Cheapest,16177
2026-06-02 17:17:55,30,2026-07-02,Thursday,10:55 PM,2:05 AM,DEL,BLR,Akasa Air,,190,0,124000,High,Best,14393
2026-06-02 17:17:55,30,2026-07-02,Thursday,5:00 AM,4:05 PM,DEL,BLR,Air India Express,OI 200,665,1,200000,High,Cheapest,14386
2026-06-02 17:18:09,60,2026-08-01,Saturday,10:25 AM,3:45 PM,DEL,BLR,IndiGo,OI 158,320,1,158000,High,Best,13422
2026-06-02 17:18:09,60,2026-08-01,Saturday,10:25 AM,3:45 PM,DEL,BLR,IndiGo,OI 158,320,1,158000,High,Cheapest,13422
2026-06-02 17:18:27,1,2026-06-03,Wednesday,8:45 PM,2:10 AM,DEL,HYD,IndiGo,OM 142,325,1,142000,High,Best,25690
2026-06-02 17:18:27,1,2026-06-03,Wednesday,9:15 PM,3:10 AM,DEL,HYD,IndiGo,NQ 134,355,1,134000,High,Cheapest,25559
2026-06-02 17:18:44,3,2026-06-05,Friday,3:50 PM,9:10 PM,DEL,HYD,IndiGo,AI 119,320,1,119000,High,Best,18022
2026-06-02 17:18:44,3,2026-06-05,Friday,3:50 PM,9:10 PM,DEL,HYD,IndiGo,AI 119,320,1,119000,High,Cheapest,18022
2026-06-02 17:19:01,7,2026-06-09,Tuesday,4:30 PM,9:45 PM,DEL,HYD,IndiGo,AG 117,315,1,117000,High,Best,14573
2026-06-02 17:19:01,7,2026-06-09,Tuesday,4:30 PM,9:45 PM,DEL,HYD,IndiGo,AG 117,315,1,117000,High,Cheapest,14573
2026-06-02 17:19:12,14,2026-06-16,Tuesday,5:10 AM,10:15 AM,DEL,HYD,IndiGo,MD 140,305,1,140000,High,Best,12209
2026-06-02 17:19:12,14,2026-06-16,Tuesday,5:10 AM,10:15 AM,DEL,HYD,IndiGo,MD 140,305,1,140000,High,Cheapest,12209
2026-06-02 17:19:24,30,2026-07-02,Thursday,2:25 AM,4:40 AM,DEL,HYD,IndiGo,,135,0,97000,,Best,11698
2026-06-02 17:19:24,30,2026-07-02,Thursday,5:05 PM,10:30 PM,DEL,HYD,IndiGo,MD 137,325,1,137000,,Cheapest,11662
2026-06-02 17:19:38,60,2026-08-01,Saturday,2:10 PM,4:30 PM,DEL,HYD,Akasa Air,,140,0,102000,High,Best,11144
2026-06-02 17:19:38,60,2026-08-01,Saturday,5:10 AM,10:15 AM,DEL,HYD,IndiGo,MD 144,305,1,144000,High,Cheapest,10782
2026-06-02 17:19:52,1,2026-06-03,Wednesday,11:00 PM,5:25 AM,DEL,MAA,IndiGo,NQ 158,385,1,158000,,Best,24043
2026-06-02 17:19:52,1,2026-06-03,Wednesday,11:00 PM,5:25 AM,DEL,MAA,IndiGo,NQ 158,385,1,158000,,Cheapest,24043
2026-06-02 17:20:07,3,2026-06-05,Friday,9:15 AM,12:05 PM,DEL,MAA,IndiGo,,170,0,122000,,Best,18394
2026-06-02 17:20:07,3,2026-06-05,Friday,9:15 AM,12:05 PM,DEL,MAA,IndiGo,,170,0,122000,,Cheapest,18394
2026-06-02 17:20:19,7,2026-06-09,Tuesday,4:40 PM,7:30 PM,DEL,MAA,IndiGo,,170,0,122000,,Best,14350
2026-06-02 17:20:19,7,2026-06-09,Tuesday,4:40 PM,7:30 PM,DEL,MAA,IndiGo,,170,0,122000,,Cheapest,14350
2026-06-02 17:20:32,14,2026-06-16,Tuesday,2:20 AM,7:20 AM,DEL,MAA,IndiGo,NQ 158,300,1,158000,Typical,Best,13721
2026-06-02 17:20:32,14,2026-06-16,Tuesday,2:20 AM,7:20 AM,DEL,MAA,IndiGo,NQ 158,300,1,158000,Typical,Cheapest,13721
2026-06-02 17:20:47,30,2026-07-02,Thursday,3:00 AM,8:15 AM,DEL,MAA,IndiGo,LR 158,315,1,158000,Typical,Best,13800
2026-06-02 17:20:47,30,2026-07-02,Thursday,9:40 AM,3:30 PM,DEL,MAA,IndiGo,NQ 163,350,1,163000,Typical,Cheapest,13721
2026-06-02 17:21:04,60,2026-08-01,Saturday,8:20 AM,1:55 PM,DEL,MAA,IndiGo,LR 161,335,1,161000,High,Best,13800
2026-06-02 17:21:04,60,2026-08-01,Saturday,4:20 PM,9:50 PM,DEL,MAA,IndiGo,PR 159,330,1,159000,High,Cheapest,13511
2026-06-02 17:21:16,1,2026-06-03,Wednesday,12:00 PM,6:00 PM,DEL,CCU,IndiGo,IB 207,360,1,207000,High,Best,19529
2026-06-02 17:21:16,1,2026-06-03,Wednesday,12:00 PM,6:00 PM,DEL,CCU,IndiGo,IB 207,360,1,207000,High,Cheapest,19529
2026-06-02 17:21:31,3,2026-06-05,Friday,10:00 PM,12:20 AM,DEL,CCU,Air India,,140,0,112000,,Best,12915
2026-06-02 17:21:31,3,2026-06-05,Friday,10:00 PM,12:20 AM,DEL,CCU,Air India,,140,0,112000,,Cheapest,12915
2026-06-02 17:21:45,7,2026-06-09,Tuesday,5:20 AM,10:20 AM,DEL,CCU,IndiGo,NS 113,300,1,113000,High,Best,12140
2026-06-02 17:21:45,7,2026-06-09,Tuesday,8:15 AM,1:45 PM,DEL,CCU,IndiGo,AT 124,330,1,124000,High,Cheapest,12009
2026-06-02 17:22:02,14,2026-06-16,Tuesday,5:20 AM,10:20 AM,DEL,CCU,IndiGo,NS 118,300,1,118000,High,Best,11696
2026-06-02 17:22:02,14,2026-06-16,Tuesday,5:20 AM,10:20 AM,DEL,CCU,IndiGo,NS 118,300,1,118000,High,Cheapest,11696
2026-06-02 17:22:19,30,2026-07-02,Thursday,5:55 AM,8:05 AM,DEL,CCU,Akasa Air,,130,0,100000,Typical,Best,11198
2026-06-02 17:22:19,30,2026-07-02,Thursday,4:55 PM,10:05 PM,DEL,CCU,IndiGo,KO 125,310,1,125000,Typical,Cheapest,10973
2026-06-02 17:22:29,60,2026-08-01,Saturday,5:55 AM,8:05 AM,DEL,CCU,Akasa Air,,130,0,101000,High,Best,11198
2026-06-02 17:22:29,60,2026-08-01,Saturday,5:55 AM,8:05 AM,DEL,CCU,Akasa Air,,130,0,101000,High,Cheapest,11198
2026-06-02 17:22:44,1,2026-06-03,Wednesday,7:10 PM,4:30 AM,DEL,PNQ,IndiGo,HO 120,560,1,120000,,Best,20436
2026-06-02 17:22:44,1,2026-06-03,Wednesday,7:10 PM,4:30 AM,DEL,PNQ,IndiGo,HO 120,560,1,120000,,Cheapest,20436
2026-06-02 17:23:01,3,2026-06-05,Friday,6:10 AM,8:10 AM,DEL,PNQ,IndiGo,,120,0,88000,High,Best,16758
2026-06-02 17:23:01,3,2026-06-05,Friday,6:10 AM,1:20 PM,DEL,PNQ,IndiGo,TV 109,430,1,109000,High,Cheapest,16385
2026-06-02 17:23:18,7,2026-06-09,Tuesday,8:10 AM,1:20 PM,DEL,PNQ,IndiGo,DR 108,310,1,108000,Typical,Best,13306
2026-06-02 17:23:18,7,2026-06-09,Tuesday,3:50 PM,10:50 PM,DEL,PNQ,IndiGo,AI 104,420,1,104000,Typical,Cheapest,13175
2026-06-02 17:23:31,14,2026-06-16,Tuesday,6:10 AM,8:10 AM,DEL,PNQ,IndiGo,,120,0,88000,,Best,13464
2026-06-02 17:23:31,14,2026-06-16,Tuesday,12:20 PM,10:00 PM,DEL,PNQ,IndiGo,MD 115,580,1,115000,,Cheapest,12846
2026-06-02 17:23:44,30,2026-07-02,Thursday,6:10 PM,8:25 PM,DEL,PNQ,Akasa Air,,135,0,92000,Typical,Best,11898
2026-06-02 17:23:44,30,2026-07-02,Thursday,6:10 PM,8:25 PM,DEL,PNQ,Akasa Air,,135,0,92000,Typical,Cheapest,11898
2026-06-02 17:23:58,60,2026-08-01,Saturday,4:40 AM,6:55 AM,DEL,PNQ,Air India Express,,135,0,107000,High,Best,13325
2026-06-02 17:23:58,60,2026-08-01,Saturday,5:05 PM,10:00 PM,DEL,PNQ,IndiGo,MD 118,295,1,118000,High,Cheapest,12613
2026-06-02 17:24:13,1,2026-06-03,Wednesday,5:10 AM,6:35 AM,DEL,AMD,IndiGo,,85,0,62000,,Best,23840
2026-06-02 17:24:13,1,2026-06-03,Wednesday,5:10 AM,6:35 AM,DEL,AMD,IndiGo,,85,0,62000,,Cheapest,23840
2026-06-02 17:24:22,3,2026-06-05,Friday,9:45 AM,1:40 PM,DEL,AMD,IndiGo,DH 91,235,1,91000,,Best,14248
2026-06-02 17:24:22,3,2026-06-05,Friday,5:20 AM,3:05 PM,DEL,AMD,IndiGo,AI 82,585,1,82000,,Cheapest,13456
2026-06-02 17:24:37,7,2026-06-09,Tuesday,5:10 AM,6:35 AM,DEL,AMD,IndiGo,,85,0,62000,High,Best,11450
2026-06-02 17:24:37,7,2026-06-09,Tuesday,5:10 AM,6:35 AM,DEL,AMD,IndiGo,,85,0,62000,High,Cheapest,11450
2026-06-02 17:24:50,14,2026-06-16,Tuesday,5:10 AM,6:35 AM,DEL,AMD,IndiGo,,85,0,62000,Typical,Best,8818
2026-06-02 17:24:50,14,2026-06-16,Tuesday,5:10 AM,6:35 AM,DEL,AMD,IndiGo,,85,0,62000,Typical,Cheapest,8818
2026-06-02 17:25:01,30,2026-07-02,Thursday,5:10 AM,6:35 AM,DEL,AMD,IndiGo,,85,0,63000,Typical,Best,8818
2026-06-02 17:25:01,30,2026-07-02,Thursday,5:10 AM,6:35 AM,DEL,AMD,IndiGo,,85,0,63000,Typical,Cheapest,8818
2026-06-02 17:25:14,60,2026-08-01,Saturday,5:10 AM,6:35 AM,DEL,AMD,IndiGo,,85,0,64000,High,Best,8818
2026-06-02 17:25:14,60,2026-08-01,Saturday,5:10 AM,6:35 AM,DEL,AMD,IndiGo,,85,0,64000,High,Cheapest,8818
2026-06-02 17:25:30,1,2026-06-03,Wednesday,4:40 AM,3:10 PM,DEL,STV,IndiGo,NQ 122,630,1,122000,High,Best,20991
2026-06-02 17:25:30,1,2026-06-03,Wednesday,4:40 AM,3:10 PM,DEL,STV,IndiGo,NQ 122,630,1,122000,High,Cheapest,20991
2026-06-02 17:25:46,3,2026-06-05,Friday,7:10 PM,9:05 PM,DEL,STV,Air India Express,,115,0,101000,,Best,15519
2026-06-02 17:25:46,3,2026-06-05,Friday,7:10 PM,9:05 PM,DEL,STV,Air India Express,,115,0,101000,,Cheapest,15519
2026-06-02 17:25:55,7,2026-06-09,Tuesday,6:10 AM,8:00 AM,DEL,STV,IndiGo,,110,0,73000,,Best,12343
2026-06-02 17:25:55,7,2026-06-09,Tuesday,6:10 AM,8:00 AM,DEL,STV,IndiGo,,110,0,73000,,Cheapest,12343
2026-06-02 17:26:04,14,2026-06-16,Tuesday,6:10 AM,8:00 AM,DEL,STV,IndiGo,,110,0,73000,Typical,Best,12238
2026-06-02 17:26:04,14,2026-06-16,Tuesday,5:20 AM,3:40 PM,DEL,STV,IndiGo,AI 91,620,1,91000,Typical,Cheapest,11763
2026-06-02 17:26:16,30,2026-07-02,Thursday,6:10 AM,8:00 AM,DEL,STV,IndiGo,,110,0,74000,High,Best,12170
2026-06-02 17:26:16,30,2026-07-02,Thursday,7:40 AM,3:40 PM,DEL,STV,IndiGo,AI 93,480,1,93000,High,Cheapest,11614
2026-06-02 17:26:31,60,2026-08-01,Saturday,6:10 AM,8:00 AM,DEL,STV,IndiGo,,110,0,75000,,Best,11750
2026-06-02 17:26:31,60,2026-08-01,Saturday,10:55 AM,3:40 PM,DEL,STV,IndiGo,AI 97,285,1,97000,,Cheapest,11238
2026-06-02 17:26:43,1,2026-06-03,Wednesday,12:55 PM,6:20 PM,DEL,VTZ,IndiGo,BI 156,325,1,156000,High,Best,28966
2026-06-02 17:26:43,1,2026-06-03,Wednesday,12:55 PM,6:20 PM,DEL,VTZ,IndiGo,BI 156,325,1,156000,High,Cheapest,28966
2026-06-02 17:26:57,3,2026-06-05,Friday,7:50 PM,10:05 PM,DEL,VTZ,IndiGo,,135,0,98000,High,Best,23154
2026-06-02 17:26:57,3,2026-06-05,Friday,7:50 PM,10:05 PM,DEL,VTZ,IndiGo,,135,0,98000,High,Cheapest,23154
2026-06-02 17:27:12,7,2026-06-09,Tuesday,7:50 PM,10:05 PM,DEL,VTZ,IndiGo,,135,0,98000,High,Best,17436
2026-06-02 17:27:12,7,2026-06-09,Tuesday,7:50 PM,10:05 PM,DEL,VTZ,IndiGo,,135,0,98000,High,Cheapest,17436
2026-06-02 17:27:23,14,2026-06-16,Tuesday,5:25 AM,7:40 AM,DEL,VTZ,IndiGo,,135,0,104000,,Best,15123
2026-06-02 17:27:23,14,2026-06-16,Tuesday,5:25 AM,7:40 AM,DEL,VTZ,IndiGo,,135,0,104000,,Cheapest,15123
2026-06-02 17:27:35,30,2026-07-02,Thursday,5:10 AM,7:40 AM,DEL,VTZ,IndiGo,,150,0,105000,,Best,13890
2026-06-02 17:27:35,30,2026-07-02,Thursday,2:25 AM,8:25 AM,DEL,VTZ,IndiGo,YD 147,360,1,147000,,Cheapest,13699
2026-06-02 17:27:47,60,2026-08-01,Saturday,5:10 AM,7:40 AM,DEL,VTZ,IndiGo,,150,0,107000,,Best,13890
2026-06-02 17:27:47,60,2026-08-01,Saturday,1:30 PM,8:40 PM,DEL,VTZ,IndiGo,YD 149,430,1,149000,,Cheapest,13699
2026-06-02 17:27:58,1,2026-06-03,Wednesday,8:20 PM,9:10 PM,DEL,JAI,IndiGo,,50,0,31000,High,Best,10702
2026-06-02 17:27:58,1,2026-06-03,Wednesday,8:20 PM,9:10 PM,DEL,JAI,IndiGo,,50,0,31000,High,Cheapest,10702
2026-06-02 17:28:11,3,2026-06-05,Friday,5:20 AM,6:15 AM,DEL,JAI,IndiGo,,55,0,31000,Typical,Best,5595
2026-06-02 17:28:11,3,2026-06-05,Friday,5:20 AM,6:15 AM,DEL,JAI,IndiGo,,55,0,31000,Typical,Cheapest,5595
2026-06-02 17:28:25,7,2026-06-09,Tuesday,5:20 AM,6:15 AM,DEL,JAI,IndiGo,,55,0,31000,High,Best,6187
2026-06-02 17:28:25,7,2026-06-09,Tuesday,5:20 AM,6:15 AM,DEL,JAI,IndiGo,,55,0,31000,High,Cheapest,6187
2026-06-02 17:28:38,14,2026-06-16,Tuesday,5:20 AM,6:15 AM,DEL,JAI,IndiGo,,55,0,31000,Typical,Best,5195
2026-06-02 17:28:38,14,2026-06-16,Tuesday,5:20 AM,6:15 AM,DEL,JAI,IndiGo,,55,0,31000,Typical,Cheapest,5195
2026-06-02 17:28:52,30,2026-07-02,Thursday,3:50 PM,4:45 PM,DEL,JAI,IndiGo,,55,0,32000,Typical,Best,5393
2026-06-02 17:28:52,30,2026-07-02,Thursday,3:50 PM,4:45 PM,DEL,JAI,IndiGo,,55,0,32000,Typical,Cheapest,5393
2026-06-02 17:29:03,60,2026-08-01,Saturday,3:50 PM,4:45 PM,DEL,JAI,IndiGo,,55,0,32000,High,Best,5194
2026-06-02 17:29:03,60,2026-08-01,Saturday,3:50 PM,4:45 PM,DEL,JAI,IndiGo,,55,0,32000,High,Cheapest,5194
2026-06-02 17:29:15,1,2026-06-03,Wednesday,10:00 PM,1:20 AM,DEL,COK,Air India,,200,0,161000,,Best,25582
2026-06-02 17:29:15,1,2026-06-03,Wednesday,10:00 PM,1:20 AM,DEL,COK,Air India,,200,0,161000,,Cheapest,25582
2026-06-02 17:29:30,3,2026-06-05,Friday,2:55 AM,9:10 AM,DEL,COK,IndiGo,AA 171,375,1,171000,High,Best,22116
2026-06-02 17:29:30,3,2026-06-05,Friday,2:55 AM,9:10 AM,DEL,COK,IndiGo,AA 171,375,1,171000,High,Cheapest,22116
2026-06-02 17:29:47,7,2026-06-09,Tuesday,2:25 AM,9:00 AM,DEL,COK,IndiGo,YD 162,395,1,162000,,Best,20075
2026-06-02 17:29:47,7,2026-06-09,Tuesday,2:25 AM,9:00 AM,DEL,COK,IndiGo,YD 162,395,1,162000,,Cheapest,20075
2026-06-02 17:30:05,14,2026-06-16,Tuesday,11:00 PM,4:50 AM,DEL,COK,IndiGo,NQ 164,350,1,164000,,Best,20075
2026-06-02 17:30:05,14,2026-06-16,Tuesday,11:00 PM,4:50 AM,DEL,COK,IndiGo,NQ 164,350,1,164000,,Cheapest,20075
2026-06-02 17:30:22,30,2026-07-02,Thursday,5:55 AM,9:05 AM,DEL,COK,IndiGo,,190,0,137000,High,Best,19980
2026-06-02 17:30:22,30,2026-07-02,Thursday,5:55 AM,9:05 AM,DEL,COK,IndiGo,,190,0,137000,High,Cheapest,19980
2026-06-02 17:30:37,60,2026-08-01,Saturday,7:30 AM,1:20 PM,DEL,COK,IndiGo,MD 170,350,1,170000,,Best,18900
2026-06-02 17:30:37,60,2026-08-01,Saturday,7:30 AM,1:20 PM,DEL,COK,IndiGo,MD 170,350,1,170000,,Cheapest,18900
2026-06-02 17:30:52,1,2026-06-03,Wednesday,6:50 AM,7:50 AM,DEL,IXC,Air India,,60,0,43000,High,Best,11603
2026-06-02 17:30:52,1,2026-06-03,Wednesday,6:50 AM,7:50 AM,DEL,IXC,Air India,,60,0,43000,High,Cheapest,11603
2026-06-02 17:31:06,3,2026-06-05,Friday,6:50 AM,7:50 AM,DEL,IXC,Air India,,60,0,43000,High,Best,10712
2026-06-02 17:31:06,3,2026-06-05,Friday,6:50 AM,7:50 AM,DEL,IXC,Air India,,60,0,43000,High,Cheapest,10712
2026-06-02 17:31:16,7,2026-06-09,Tuesday,8:15 AM,9:10 AM,DEL,IXC,IndiGo,,55,0,34000,Typical,Best,7968
2026-06-02 17:31:16,7,2026-06-09,Tuesday,8:15 AM,9:10 AM,DEL,IXC,IndiGo,,55,0,34000,Typical,Cheapest,7968
2026-06-02 17:31:29,14,2026-06-16,Tuesday,8:15 AM,9:10 AM,DEL,IXC,IndiGo,,55,0,34000,Typical,Best,7785
2026-06-02 17:31:29,14,2026-06-16,Tuesday,8:15 AM,9:10 AM,DEL,IXC,IndiGo,,55,0,34000,Typical,Cheapest,7785
2026-06-02 17:31:41,30,2026-07-02,Thursday,8:15 AM,9:10 AM,DEL,IXC,IndiGo,,55,0,35000,Typical,Best,7370
2026-06-02 17:31:41,30,2026-07-02,Thursday,8:15 AM,9:10 AM,DEL,IXC,IndiGo,,55,0,35000,Typical,Cheapest,7370
2026-06-02 17:31:53,60,2026-08-01,Saturday,8:15 AM,9:10 AM,DEL,IXC,IndiGo,,55,0,35000,High,Best,7370
2026-06-02 17:31:53,60,2026-08-01,Saturday,8:15 AM,9:10 AM,DEL,IXC,IndiGo,,55,0,35000,High,Cheapest,7370
2026-06-02 17:32:08,1,2026-06-03,Wednesday,6:40 PM,8:10 PM,DEL,IDR,Air India,,90,0,64000,,Best,23732
2026-06-02 17:32:08,1,2026-06-03,Wednesday,6:40 PM,8:10 PM,DEL,IDR,Air India,,90,0,64000,,Cheapest,23732
2026-06-02 17:32:17,3,2026-06-05,Friday,4:55 AM,6:25 AM,DEL,IDR,IndiGo,,90,0,56000,,Best,12458
2026-06-02 17:32:17,3,2026-06-05,Friday,4:55 AM,6:25 AM,DEL,IDR,IndiGo,,90,0,56000,,Cheapest,12458
2026-06-02 17:32:32,7,2026-06-09,Tuesday,4:55 AM,6:25 AM,DEL,IDR,IndiGo,,90,0,56000,,Best,12143
2026-06-02 17:32:32,7,2026-06-09,Tuesday,4:55 AM,6:25 AM,DEL,IDR,IndiGo,,90,0,56000,,Cheapest,12143
2026-06-02 17:32:45,14,2026-06-16,Tuesday,8:10 AM,9:35 AM,DEL,IDR,IndiGo,,85,0,60000,,Best,12143
2026-06-02 17:32:45,14,2026-06-16,Tuesday,3:50 PM,7:35 PM,DEL,IDR,IndiGo,AI 77,225,1,77000,,Cheapest,12116
2026-06-02 17:32:59,30,2026-07-02,Thursday,4:55 AM,6:25 AM,DEL,IDR,IndiGo,,90,0,57000,,Best,11573
2026-06-02 17:32:59,30,2026-07-02,Thursday,4:55 AM,6:25 AM,DEL,IDR,IndiGo,,90,0,57000,,Cheapest,11573
2026-06-02 17:33:14,60,2026-08-01,Saturday,4:55 AM,6:25 AM,DEL,IDR,IndiGo,,90,0,58000,High,Best,11573
2026-06-02 17:33:14,60,2026-08-01,Saturday,3:50 PM,7:35 PM,DEL,IDR,IndiGo,AI 79,225,1,79000,High,Cheapest,11549
2026-06-02 17:33:25,1,2026-06-03,Wednesday,6:20 PM,7:40 PM,DEL,LKO,IndiGo,,80,0,44000,High,Best,8008
2026-06-02 17:33:25,1,2026-06-03,Wednesday,6:20 PM,7:40 PM,DEL,LKO,IndiGo,,80,0,44000,High,Cheapest,8008
2026-06-02 17:33:37,3,2026-06-05,Friday,5:30 AM,6:40 AM,DEL,LKO,IndiGo,,70,0,57000,Typical,Best,6920
2026-06-02 17:33:37,3,2026-06-05,Friday,5:30 AM,6:40 AM,DEL,LKO,IndiGo,,70,0,57000,Typical,Cheapest,6920
2026-06-02 17:33:50,7,2026-06-09,Tuesday,5:30 AM,6:40 AM,DEL,LKO,IndiGo,,70,0,57000,Typical,Best,6920
2026-06-02 17:33:50,7,2026-06-09,Tuesday,5:30 AM,6:40 AM,DEL,LKO,IndiGo,,70,0,57000,Typical,Cheapest,6920
2026-06-02 17:34:03,14,2026-06-16,Tuesday,5:30 AM,6:40 AM,DEL,LKO,IndiGo,,70,0,57000,Typical,Best,6920
2026-06-02 17:34:03,14,2026-06-16,Tuesday,5:30 AM,6:40 AM,DEL,LKO,IndiGo,,70,0,57000,Typical,Cheapest,6920
2026-06-02 17:34:13,30,2026-07-02,Thursday,7:20 AM,8:30 AM,DEL,LKO,IndiGo,,70,0,50000,Typical,Best,6995
2026-06-02 17:34:13,30,2026-07-02,Thursday,7:20 AM,8:30 AM,DEL,LKO,IndiGo,,70,0,50000,Typical,Cheapest,6995
2026-06-02 17:34:28,60,2026-08-01,Saturday,7:20 AM,8:30 AM,DEL,LKO,IndiGo,,70,0,50000,Typical,Best,6995
2026-06-02 17:34:28,60,2026-08-01,Saturday,7:20 AM,8:30 AM,DEL,LKO,IndiGo,,70,0,50000,Typical,Cheapest,6995
2026-06-02 17:34:39,1,2026-06-03,Wednesday,11:30 PM,1:15 AM,BLR,BOM,IndiGo,,105,0,69000,High,Best,11487
2026-06-02 17:34:39,1,2026-06-03,Wednesday,11:30 PM,1:15 AM,BLR,BOM,IndiGo,,105,0,69000,High,Cheapest,11487
2026-06-02 17:34:56,3,2026-06-05,Friday,4:15 AM,6:15 AM,BLR,BOM,SpiceJet,,120,0,81000,,Best,10889
2026-06-02 17:34:56,3,2026-06-05,Friday,8:20 AM,1:45 PM,BLR,BOM,IndiGo,AG 133,325,1,133000,,Cheapest,10880
2026-06-02 17:35:08,7,2026-06-09,Tuesday,6:00 AM,7:55 AM,BLR,BOM,Akasa Air,,115,0,71000,,Best,10693
2026-06-02 17:35:08,7,2026-06-09,Tuesday,3:00 PM,8:15 PM,BLR,BOM,IndiGo,AA 115,315,1,115000,,Cheapest,10291
2026-06-02 17:35:19,14,2026-06-16,Tuesday,3:45 AM,5:30 AM,BLR,BOM,IndiGo,,105,0,69000,,Best,11145
2026-06-02 17:35:19,14,2026-06-16,Tuesday,1:55 PM,6:25 PM,BLR,BOM,IndiGo,MD 146,270,1,146000,,Cheapest,10652
2026-06-02 17:35:36,30,2026-07-02,Thursday,10:55 PM,12:45 AM,BLR,BOM,Akasa Air,,110,0,69000,High,Best,8705
2026-06-02 17:35:36,30,2026-07-02,Thursday,10:55 PM,12:45 AM,BLR,BOM,Akasa Air,,110,0,69000,High,Cheapest,8705
2026-06-02 17:35:49,60,2026-08-01,Saturday,6:00 AM,7:55 AM,BLR,BOM,Akasa Air,,115,0,73000,High,Best,8840
2026-06-02 17:35:49,60,2026-08-01,Saturday,12:35 PM,5:50 PM,BLR,BOM,IndiGo,OI 93,315,1,93000,High,Cheapest,8657
2026-06-02 17:36:06,1,2026-06-03,Wednesday,3:00 AM,5:50 AM,BLR,DEL,IndiGo,,170,0,120000,High,Best,19228
2026-06-02 17:36:06,1,2026-06-03,Wednesday,3:35 PM,8:30 PM,BLR,DEL,IndiGo,AG 141,295,1,141000,High,Cheapest,18696
2026-06-02 17:36:19,3,2026-06-05,Friday,3:00 AM,5:50 AM,BLR,DEL,IndiGo,,170,0,120000,High,Best,16389
2026-06-02 17:36:19,3,2026-06-05,Friday,3:00 AM,5:50 AM,BLR,DEL,IndiGo,,170,0,120000,High,Cheapest,16389
2026-06-02 17:36:38,7,2026-06-09,Tuesday,1:00 AM,3:50 AM,BLR,DEL,IndiGo,,170,0,120000,High,Best,17169
2026-06-02 17:36:38,7,2026-06-09,Tuesday,8:20 AM,12:55 PM,BLR,DEL,IndiGo,AG 139,275,1,139000,High,Cheapest,17104
2026-06-02 17:36:57,14,2026-06-16,Tuesday,1:00 AM,3:50 AM,BLR,DEL,IndiGo,,170,0,120000,High,Best,17549
2026-06-02 17:36:57,14,2026-06-16,Tuesday,8:20 AM,12:55 PM,BLR,DEL,IndiGo,AG 139,275,1,139000,High,Cheapest,17484
2026-06-02 17:37:11,30,2026-07-02,Thursday,3:55 AM,7:00 AM,BLR,DEL,Akasa Air,,185,0,123000,High,Best,15922
2026-06-02 17:37:11,30,2026-07-02,Thursday,1:55 PM,6:50 PM,BLR,DEL,IndiGo,MD 155,295,1,155000,High,Cheapest,15077
2026-06-02 17:37:28,60,2026-08-01,Saturday,3:00 AM,5:50 AM,BLR,DEL,IndiGo,,170,0,124000,High,Best,14944
2026-06-02 17:37:28,60,2026-08-01,Saturday,9:35 AM,2:20 PM,BLR,DEL,IndiGo,AI 147,285,1,147000,High,Cheapest,14091
2026-06-02 17:37:46,1,2026-06-03,Wednesday,11:05 PM,3:10 AM,BLR,HYD,IndiGo,NQ 108,245,1,108000,High,Best,10921
2026-06-02 17:37:46,1,2026-06-03,Wednesday,11:05 PM,3:10 AM,BLR,HYD,IndiGo,NQ 108,245,1,108000,High,Cheapest,10921
2026-06-02 17:37:59,3,2026-06-05,Friday,6:25 AM,7:35 AM,BLR,HYD,IndiGo,,70,0,50000,High,Best,8971
2026-06-02 17:37:59,3,2026-06-05,Friday,6:25 AM,7:35 AM,BLR,HYD,IndiGo,,70,0,50000,High,Cheapest,8971
2026-06-02 17:38:15,7,2026-06-09,Tuesday,6:05 AM,7:25 AM,BLR,HYD,Air India ExpressAir India,,80,0,58000,Typical,Best,9078
2026-06-02 17:38:15,7,2026-06-09,Tuesday,9:15 PM,10:30 PM,BLR,HYD,IndiGo,,75,0,46000,Typical,Cheapest,8672
2026-06-02 17:38:31,14,2026-06-16,Tuesday,6:25 AM,7:35 AM,BLR,HYD,IndiGo,,70,0,50000,Typical,Best,8672
2026-06-02 17:38:31,14,2026-06-16,Tuesday,6:25 AM,7:35 AM,BLR,HYD,IndiGo,,70,0,50000,Typical,Cheapest,8672
2026-06-02 17:38:41,30,2026-07-02,Thursday,6:25 AM,7:35 AM,BLR,HYD,IndiGo,,70,0,51000,Typical,Best,8672
2026-06-02 17:38:41,30,2026-07-02,Thursday,6:25 AM,7:35 AM,BLR,HYD,IndiGo,,70,0,51000,Typical,Cheapest,8672
2026-06-02 17:38:54,60,2026-08-01,Saturday,6:25 AM,7:35 AM,BLR,HYD,IndiGo,,70,0,52000,,Best,8672
2026-06-02 17:38:54,60,2026-08-01,Saturday,6:25 AM,7:35 AM,BLR,HYD,IndiGo,,70,0,52000,,Cheapest,8672
2026-06-02 17:39:06,1,2026-06-03,Wednesday,12:45 PM,1:55 PM,BLR,MAA,IndiGo,,70,0,36000,,Best,8079
2026-06-02 17:39:06,1,2026-06-03,Wednesday,12:45 PM,1:55 PM,BLR,MAA,IndiGo,,70,0,36000,,Cheapest,8079
2026-06-02 17:39:23,3,2026-06-05,Friday,7:15 AM,8:15 AM,BLR,MAA,IndiGo,,60,0,35000,Typical,Best,8079
2026-06-02 17:39:23,3,2026-06-05,Friday,7:15 AM,8:15 AM,BLR,MAA,IndiGo,,60,0,35000,Typical,Cheapest,8079
2026-06-02 17:39:37,7,2026-06-09,Tuesday,7:15 AM,8:15 AM,BLR,MAA,IndiGo,,60,0,35000,Typical,Best,8079
2026-06-02 17:39:37,7,2026-06-09,Tuesday,7:15 AM,8:15 AM,BLR,MAA,IndiGo,,60,0,35000,Typical,Cheapest,8079
2026-06-02 17:39:48,14,2026-06-16,Tuesday,7:15 AM,8:15 AM,BLR,MAA,IndiGo,,60,0,35000,Typical,Best,8079
2026-06-02 17:39:48,14,2026-06-16,Tuesday,7:15 AM,8:15 AM,BLR,MAA,IndiGo,,60,0,35000,Typical,Cheapest,8079
2026-06-02 17:40:04,30,2026-07-02,Thursday,7:15 AM,8:15 AM,BLR,MAA,IndiGo,,60,0,35000,Typical,Best,8079
2026-06-02 17:40:04,30,2026-07-02,Thursday,7:15 AM,8:15 AM,BLR,MAA,IndiGo,,60,0,35000,Typical,Cheapest,8079
2026-06-02 17:40:17,60,2026-08-01,Saturday,7:15 AM,8:15 AM,BLR,MAA,IndiGo,,60,0,36000,High,Best,8079
2026-06-02 17:40:17,60,2026-08-01,Saturday,7:15 AM,8:15 AM,BLR,MAA,IndiGo,,60,0,36000,High,Cheapest,8079
2026-06-02 17:40:31,1,2026-06-03,Wednesday,10:20 PM,1:00 AM,BLR,CCU,IndiGo,,160,0,108000,High,Best,16624
2026-06-02 17:40:31,1,2026-06-03,Wednesday,6:15 PM,11:30 PM,BLR,CCU,IndiGo,AA 133,315,1,133000,High,Cheapest,16141
2026-06-02 17:40:49,3,2026-06-05,Friday,5:00 AM,7:35 AM,BLR,CCU,IndiGo,,155,0,108000,High,Best,14270
2026-06-02 17:40:49,3,2026-06-05,Friday,5:00 AM,7:35 AM,BLR,CCU,IndiGo,,155,0,108000,High,Cheapest,14270
2026-06-02 17:41:02,7,2026-06-09,Tuesday,7:45 PM,12:25 AM,BLR,CCU,IndiGo,YD 146,280,1,146000,High,Best,13211
2026-06-02 17:41:02,7,2026-06-09,Tuesday,7:45 PM,12:25 AM,BLR,CCU,IndiGo,YD 146,280,1,146000,High,Cheapest,13211
2026-06-02 17:41:18,14,2026-06-16,Tuesday,6:30 AM,9:10 AM,BLR,CCU,IndiGo,,160,0,114000,,Best,13434
2026-06-02 17:41:18,14,2026-06-16,Tuesday,5:15 PM,11:30 PM,BLR,CCU,IndiGo,AA 156,375,1,156000,,Cheapest,13211
2026-06-02 17:41:30,30,2026-07-02,Thursday,11:35 AM,4:20 PM,BLR,CCU,IndiGo,YD 142,285,1,142000,Typical,Best,12096
2026-06-02 17:41:30,30,2026-07-02,Thursday,11:35 AM,4:20 PM,BLR,CCU,IndiGo,YD 142,285,1,142000,Typical,Cheapest,12096
2026-06-02 17:41:45,60,2026-08-01,Saturday,6:30 AM,9:10 AM,BLR,CCU,IndiGo,,160,0,111000,High,Best,12111
2026-06-02 17:41:45,60,2026-08-01,Saturday,6:30 AM,9:10 AM,BLR,CCU,IndiGo,,160,0,111000,High,Cheapest,12111
2026-06-02 17:42:04,1,2026-06-03,Wednesday,1:05 AM,2:35 AM,BLR,PNQ,IndiGo,,90,0,59000,Typical,Best,9400
2026-06-02 17:42:04,1,2026-06-03,Wednesday,1:05 AM,2:35 AM,BLR,PNQ,IndiGo,,90,0,59000,Typical,Cheapest,9400
2026-06-02 17:42:17,3,2026-06-05,Friday,1:05 AM,2:35 AM,BLR,PNQ,IndiGo,,90,0,59000,Typical,Best,9400
2026-06-02 17:42:17,3,2026-06-05,Friday,1:05 AM,2:35 AM,BLR,PNQ,IndiGo,,90,0,59000,Typical,Cheapest,9400
2026-06-02 17:42:33,7,2026-06-09,Tuesday,1:05 AM,2:35 AM,BLR,PNQ,IndiGo,,90,0,59000,Typical,Best,9400
2026-06-02 17:42:33,7,2026-06-09,Tuesday,1:05 AM,2:35 AM,BLR,PNQ,IndiGo,,90,0,59000,Typical,Cheapest,9400
2026-06-02 17:42:43,14,2026-06-16,Tuesday,1:05 AM,2:35 AM,BLR,PNQ,IndiGo,,90,0,59000,Typical,Best,9400
2026-06-02 17:42:43,14,2026-06-16,Tuesday,1:05 AM,2:35 AM,BLR,PNQ,IndiGo,,90,0,59000,Typical,Cheapest,9400
2026-06-02 17:43:00,30,2026-07-02,Thursday,5:10 AM,6:50 AM,BLR,PNQ,Akasa Air,,100,0,64000,High,Best,8895
2026-06-02 17:43:00,30,2026-07-02,Thursday,5:10 AM,6:50 AM,BLR,PNQ,Akasa Air,,100,0,64000,High,Cheapest,8895
2026-06-02 17:43:10,60,2026-08-01,Saturday,4:30 AM,5:55 AM,BLR,PNQ,IndiGo,,85,0,61000,High,Best,8878
2026-06-02 17:43:10,60,2026-08-01,Saturday,8:00 AM,7:45 PM,BLR,PNQ,Star Air,DC 198,705,1,198000,High,Cheapest,8133
2026-06-02 17:43:26,1,2026-06-03,Wednesday,11:05 PM,6:10 AM,BLR,AMD,IndiGo,NQ 114,425,1,114000,,Best,12603
2026-06-02 17:43:26,1,2026-06-03,Wednesday,1:00 PM,8:15 PM,BLR,AMD,IndiGo,OM 115,435,1,115000,,Cheapest,12472
2026-06-02 17:43:40,3,2026-06-05,Friday,6:25 AM,10:40 AM,BLR,AMD,IndiGo,YD 127,255,1,127000,High,Best,12105
2026-06-02 17:43:40,3,2026-06-05,Friday,6:25 AM,10:40 AM,BLR,AMD,IndiGo,YD 127,255,1,127000,High,Cheapest,12105
2026-06-02 17:43:57,7,2026-06-09,Tuesday,1:05 AM,6:10 AM,BLR,AMD,IndiGo,NQ 114,305,1,114000,,Best,10792
2026-06-02 17:43:57,7,2026-06-09,Tuesday,1:05 AM,6:10 AM,BLR,AMD,IndiGo,NQ 114,305,1,114000,,Cheapest,10792
2026-06-02 17:44:11,14,2026-06-16,Tuesday,5:10 AM,7:20 AM,BLR,AMD,IndiGo,,130,0,95000,Typical,Best,10212
2026-06-02 17:44:11,14,2026-06-16,Tuesday,5:10 AM,7:20 AM,BLR,AMD,IndiGo,,130,0,95000,Typical,Cheapest,10212
2026-06-02 17:44:23,30,2026-07-02,Thursday,5:10 AM,7:20 AM,BLR,AMD,IndiGo,,130,0,96000,Typical,Best,8980
2026-06-02 17:44:23,30,2026-07-02,Thursday,5:10 AM,7:20 AM,BLR,AMD,IndiGo,,130,0,96000,Typical,Cheapest,8980
2026-06-02 17:44:41,60,2026-08-01,Saturday,5:10 AM,7:20 AM,BLR,AMD,IndiGo,,130,0,98000,Typical,Best,8980
2026-06-02 17:44:41,60,2026-08-01,Saturday,5:10 AM,7:20 AM,BLR,AMD,IndiGo,,130,0,98000,Typical,Cheapest,8980
2026-06-02 17:44:59,1,2026-06-03,Wednesday,4:30 AM,3:10 PM,BLR,STV,IndiGo,NQ 95,640,1,95000,Typical,Best,11881
2026-06-02 17:44:59,1,2026-06-03,Wednesday,4:30 AM,3:10 PM,BLR,STV,IndiGo,NQ 95,640,1,95000,Typical,Cheapest,11881
2026-06-02 17:45:13,3,2026-06-05,Friday,12:55 PM,2:50 PM,BLR,STV,IndiGo,,115,0,78000,High,Best,13451
2026-06-02 17:45:13,3,2026-06-05,Friday,12:55 PM,2:50 PM,BLR,STV,IndiGo,,115,0,78000,High,Cheapest,13451
2026-06-02 17:45:26,7,2026-06-09,Tuesday,12:55 PM,2:50 PM,BLR,STV,IndiGo,,115,0,78000,,Best,11839
2026-06-02 17:45:26,7,2026-06-09,Tuesday,12:55 PM,2:50 PM,BLR,STV,IndiGo,,115,0,78000,,Cheapest,11839
2026-06-02 17:45:38,14,2026-06-16,Tuesday,12:55 PM,2:50 PM,BLR,STV,IndiGo,,115,0,97000,Typical,Best,12138
2026-06-02 17:45:38,14,2026-06-16,Tuesday,12:55 PM,2:50 PM,BLR,STV,IndiGo,,115,0,97000,Typical,Cheapest,12138
2026-06-02 17:45:51,30,2026-07-02,Thursday,12:55 PM,2:50 PM,BLR,STV,IndiGo,,115,0,79000,High,Best,12349
2026-06-02 17:45:51,30,2026-07-02,Thursday,12:55 PM,2:50 PM,BLR,STV,IndiGo,,115,0,79000,High,Cheapest,12349
2026-06-02 17:46:06,60,2026-08-01,Saturday,12:55 PM,2:50 PM,BLR,STV,IndiGo,,115,0,80000,,Best,11740
2026-06-02 17:46:06,60,2026-08-01,Saturday,12:55 PM,2:50 PM,BLR,STV,IndiGo,,115,0,80000,,Cheapest,11740
2026-06-02 17:46:22,1,2026-06-03,Wednesday,4:50 PM,6:30 PM,BLR,VTZ,Air India ExpressAir India,,100,0,75000,High,Best,13232
2026-06-02 17:46:22,1,2026-06-03,Wednesday,4:50 PM,6:30 PM,BLR,VTZ,Air India ExpressAir India,,100,0,75000,High,Cheapest,13232
2026-06-02 17:46:39,3,2026-06-05,Friday,12:30 PM,3:55 PM,BLR,VTZ,Air India Express,YD 133,205,1,133000,High,Best,11696
2026-06-02 17:46:39,3,2026-06-05,Friday,12:45 PM,5:55 PM,BLR,VTZ,IndiGo,AA 91,310,1,91000,High,Cheapest,11251
2026-06-02 17:46:50,7,2026-06-09,Tuesday,10:10 AM,1:20 PM,BLR,VTZ,IndiGo,JB 90,190,1,90000,Typical,Best,10186
2026-06-02 17:46:50,7,2026-06-09,Tuesday,10:10 AM,1:20 PM,BLR,VTZ,IndiGo,JB 90,190,1,90000,Typical,Cheapest,10186
2026-06-02 17:47:00,14,2026-06-16,Tuesday,12:40 PM,2:10 PM,BLR,VTZ,IndiGo,,90,0,64000,Typical,Best,10100
2026-06-02 17:47:00,14,2026-06-16,Tuesday,12:40 PM,2:10 PM,BLR,VTZ,IndiGo,,90,0,64000,Typical,Cheapest,10100
2026-06-02 17:47:15,30,2026-07-02,Thursday,12:40 PM,2:10 PM,BLR,VTZ,IndiGo,,90,0,65000,Typical,Best,9163
2026-06-02 17:47:15,30,2026-07-02,Thursday,12:40 PM,2:10 PM,BLR,VTZ,IndiGo,,90,0,65000,Typical,Cheapest,9163
2026-06-02 17:47:29,60,2026-08-01,Saturday,12:40 PM,2:10 PM,BLR,VTZ,IndiGo,,90,0,65000,High,Best,9163
2026-06-02 17:47:29,60,2026-08-01,Saturday,12:40 PM,2:10 PM,BLR,VTZ,IndiGo,,90,0,65000,High,Cheapest,9163
2026-06-02 17:47:45,1,2026-06-03,Wednesday,7:10 AM,9:40 AM,BLR,JAI,IndiGo,,150,0,111000,High,Best,15967
2026-06-02 17:47:45,1,2026-06-03,Wednesday,7:10 AM,9:40 AM,BLR,JAI,IndiGo,,150,0,111000,High,Cheapest,15967
2026-06-02 17:47:56,3,2026-06-05,Friday,9:35 AM,12:05 PM,BLR,JAI,IndiGo,,150,0,105000,Typical,Best,14053
2026-06-02 17:47:56,3,2026-06-05,Friday,9:35 AM,12:05 PM,BLR,JAI,IndiGo,,150,0,105000,Typical,Cheapest,14053
2026-06-02 17:48:06,7,2026-06-09,Tuesday,9:35 AM,12:05 PM,BLR,JAI,IndiGo,,150,0,105000,,Best,14635
2026-06-02 17:48:06,7,2026-06-09,Tuesday,9:35 AM,12:05 PM,BLR,JAI,IndiGo,,150,0,105000,,Cheapest,14635
2026-06-02 17:48:18,14,2026-06-16,Tuesday,6:45 AM,12:50 PM,BLR,JAI,IndiGo,DR 154,365,1,154000,,Best,15840
2026-06-02 17:48:18,14,2026-06-16,Tuesday,6:45 AM,12:50 PM,BLR,JAI,IndiGo,DR 154,365,1,154000,,Cheapest,15840
2026-06-02 17:48:30,30,2026-07-02,Thursday,4:00 PM,6:20 PM,BLR,JAI,IndiGo,,140,0,107000,High,Best,14862
2026-06-02 17:48:30,30,2026-07-02,Thursday,4:00 PM,6:20 PM,BLR,JAI,IndiGo,,140,0,107000,High,Cheapest,14862
2026-06-02 17:48:43,60,2026-08-01,Saturday,9:35 AM,12:05 PM,BLR,JAI,IndiGo,,150,0,108000,,Best,13374
2026-06-02 17:48:43,60,2026-08-01,Saturday,9:35 AM,12:05 PM,BLR,JAI,IndiGo,,150,0,108000,,Cheapest,13374
2026-06-02 17:48:54,1,2026-06-03,Wednesday,5:30 AM,6:40 AM,BLR,COK,Air India ExpressAir India,,70,0,48000,High,Best,10698
2026-06-02 17:48:54,1,2026-06-03,Wednesday,5:30 AM,6:40 AM,BLR,COK,Air India ExpressAir India,,70,0,48000,High,Cheapest,10698
2026-06-02 17:49:05,3,2026-06-05,Friday,8:40 AM,9:55 AM,BLR,COK,Air India ExpressAir India,,75,0,57000,High,Best,7794
2026-06-02 17:49:05,3,2026-06-05,Friday,8:40 AM,9:55 AM,BLR,COK,Air India ExpressAir India,,75,0,57000,High,Cheapest,7794
2026-06-02 17:49:21,7,2026-06-09,Tuesday,5:30 AM,6:40 AM,BLR,COK,Air India ExpressAir India,,70,0,48000,High,Best,7794
2026-06-02 17:49:21,7,2026-06-09,Tuesday,5:30 AM,6:40 AM,BLR,COK,Air India ExpressAir India,,70,0,48000,High,Cheapest,7794
2026-06-02 17:49:37,14,2026-06-16,Tuesday,7:05 AM,8:05 AM,BLR,COK,IndiGo,,60,0,45000,Typical,Best,7467
2026-06-02 17:49:37,14,2026-06-16,Tuesday,7:05 AM,8:05 AM,BLR,COK,IndiGo,,60,0,45000,Typical,Cheapest,7467
2026-06-02 17:49:48,30,2026-07-02,Thursday,3:15 PM,4:30 PM,BLR,COK,Akasa Air,,75,0,43000,Typical,Best,6712
2026-06-02 17:49:48,30,2026-07-02,Thursday,3:15 PM,4:30 PM,BLR,COK,Akasa Air,,75,0,43000,Typical,Cheapest,6712
2026-06-02 17:50:01,60,2026-08-01,Saturday,7:05 AM,8:05 AM,BLR,COK,IndiGo,,60,0,47000,High,Best,7467
2026-06-02 17:50:01,60,2026-08-01,Saturday,7:05 AM,8:05 AM,BLR,COK,IndiGo,,60,0,47000,High,Cheapest,7467
2026-06-02 17:50:13,1,2026-06-03,Wednesday,3:00 AM,9:10 AM,BLR,IXC,IndiGo,EL 154,370,1,154000,,Best,23641
2026-06-02 17:50:13,1,2026-06-03,Wednesday,10:00 AM,4:35 PM,BLR,IXC,IndiGo,OM 166,395,1,166000,,Cheapest,23562
2026-06-02 17:50:31,3,2026-06-05,Friday,8:30 PM,11:40 PM,BLR,IXC,IndiGo,,190,0,129000,,Best,19924
2026-06-02 17:50:31,3,2026-06-05,Friday,10:00 AM,4:35 PM,BLR,IXC,IndiGo,OM 166,395,1,166000,,Cheapest,19836
2026-06-02 17:50:48,7,2026-06-09,Tuesday,4:40 AM,7:40 AM,BLR,IXC,IndiGo,,180,0,136000,High,Best,17989
2026-06-02 17:50:48,7,2026-06-09,Tuesday,8:30 PM,11:40 PM,BLR,IXC,IndiGo,,190,0,129000,High,Cheapest,17674
2026-06-02 17:51:01,14,2026-06-16,Tuesday,8:30 PM,11:40 PM,BLR,IXC,IndiGo,,190,0,129000,High,Best,16451
2026-06-02 17:51:01,14,2026-06-16,Tuesday,8:30 PM,11:40 PM,BLR,IXC,IndiGo,,190,0,129000,High,Cheapest,16451
2026-06-02 17:51:17,30,2026-07-02,Thursday,8:30 PM,11:40 PM,BLR,IXC,IndiGo,,190,0,131000,Typical,Best,14321
2026-06-02 17:51:17,30,2026-07-02,Thursday,8:30 PM,11:40 PM,BLR,IXC,IndiGo,,190,0,131000,Typical,Cheapest,14321
2026-06-02 17:51:30,60,2026-08-01,Saturday,8:30 PM,11:40 PM,BLR,IXC,IndiGo,,190,0,132000,High,Best,14321
2026-06-02 17:51:30,60,2026-08-01,Saturday,8:30 PM,11:40 PM,BLR,IXC,IndiGo,,190,0,132000,High,Cheapest,14321
2026-06-02 17:51:41,1,2026-06-03,Wednesday,5:55 PM,7:50 PM,BLR,IDR,IndiGo,,115,0,85000,,Best,13562
2026-06-02 17:51:41,1,2026-06-03,Wednesday,5:55 PM,7:50 PM,BLR,IDR,IndiGo,,115,0,85000,,Cheapest,13562
2026-06-02 17:51:54,3,2026-06-05,Friday,7:30 AM,9:25 AM,BLR,IDR,IndiGo,,115,0,80000,Typical,Best,13602
2026-06-02 17:51:54,3,2026-06-05,Friday,7:30 AM,9:25 AM,BLR,IDR,IndiGo,,115,0,80000,Typical,Cheapest,13602
2026-06-02 17:52:05,7,2026-06-09,Tuesday,5:55 PM,7:50 PM,BLR,IDR,IndiGo,,115,0,85000,Typical,Best,13431
2026-06-02 17:52:05,7,2026-06-09,Tuesday,5:55 PM,7:50 PM,BLR,IDR,IndiGo,,115,0,85000,Typical,Cheapest,13431
2026-06-02 17:52:19,14,2026-06-16,Tuesday,5:55 PM,7:50 PM,BLR,IDR,IndiGo,,115,0,85000,,Best,13431
2026-06-02 17:52:19,14,2026-06-16,Tuesday,5:55 PM,7:50 PM,BLR,IDR,IndiGo,,115,0,85000,,Cheapest,13431
2026-06-02 17:52:34,30,2026-07-02,Thursday,5:55 PM,7:50 PM,BLR,IDR,IndiGo,,115,0,86000,Typical,Best,13115
2026-06-02 17:52:34,30,2026-07-02,Thursday,5:55 PM,7:50 PM,BLR,IDR,IndiGo,,115,0,86000,Typical,Cheapest,13115
2026-06-02 17:52:47,60,2026-08-01,Saturday,5:55 PM,7:50 PM,BLR,IDR,IndiGo,,115,0,87000,,Best,13115
2026-06-02 17:52:47,60,2026-08-01,Saturday,5:55 PM,7:50 PM,BLR,IDR,IndiGo,,115,0,87000,,Cheapest,13115
2026-06-02 17:53:04,1,2026-06-03,Wednesday,7:15 PM,9:35 PM,BLR,LKO,IndiGo,,140,0,106000,,Best,15607
2026-06-02 17:53:04,1,2026-06-03,Wednesday,7:15 PM,9:35 PM,BLR,LKO,IndiGo,,140,0,106000,,Cheapest,15607
2026-06-02 17:53:14,3,2026-06-05,Friday,7:20 AM,9:50 AM,BLR,LKO,IndiGo,,150,0,112000,High,Best,14347
2026-06-02 17:53:14,3,2026-06-05,Friday,7:20 AM,9:50 AM,BLR,LKO,IndiGo,,150,0,112000,High,Cheapest,14347
2026-06-02 17:53:26,7,2026-06-09,Tuesday,7:10 AM,9:50 AM,BLR,LKO,IndiGo,,160,0,112000,High,Best,14347
2026-06-02 17:53:26,7,2026-06-09,Tuesday,7:10 AM,9:50 AM,BLR,LKO,IndiGo,,160,0,112000,High,Cheapest,14347
2026-06-02 17:53:38,14,2026-06-16,Tuesday,7:10 AM,9:50 AM,BLR,LKO,IndiGo,,160,0,112000,High,Best,14498
2026-06-02 17:53:38,14,2026-06-16,Tuesday,9:30 PM,8:30 AM,BLR,LKO,IndiGo,YD 128,660,1,128000,High,Cheapest,13962
2026-06-02 17:53:49,30,2026-07-02,Thursday,7:10 AM,9:50 AM,BLR,LKO,IndiGo,,160,0,108000,Typical,Best,12501
2026-06-02 17:53:49,30,2026-07-02,Thursday,7:10 AM,9:50 AM,BLR,LKO,IndiGo,,160,0,108000,Typical,Cheapest,12501
2026-06-02 17:54:06,60,2026-08-01,Saturday,6:15 AM,8:45 AM,BLR,LKO,Akasa Air,,150,0,109000,High,Best,11877
2026-06-02 17:54:06,60,2026-08-01,Saturday,6:15 AM,8:45 AM,BLR,LKO,Akasa Air,,150,0,109000,High,Cheapest,11877
2026-06-02 17:54:19,1,2026-06-03,Wednesday,9:25 PM,2:50 AM,HYD,BOM,IndiGo,LR 116,325,1,116000,Typical,Best,9314
2026-06-02 17:54:19,1,2026-06-03,Wednesday,9:25 PM,2:50 AM,HYD,BOM,IndiGo,LR 116,325,1,116000,Typical,Cheapest,9314
2026-06-02 17:54:36,3,2026-06-05,Friday,3:00 AM,4:30 AM,HYD,BOM,IndiGo,,90,0,57000,Typical,Best,9303
2026-06-02 17:54:36,3,2026-06-05,Friday,3:00 AM,4:30 AM,HYD,BOM,IndiGo,,90,0,57000,Typical,Cheapest,9303
2026-06-02 17:54:51,7,2026-06-09,Tuesday,8:00 PM,12:05 AM,HYD,BOM,IndiGo,LR 120,245,1,120000,,Best,9182
2026-06-02 17:54:51,7,2026-06-09,Tuesday,8:00 PM,12:05 AM,HYD,BOM,IndiGo,LR 120,245,1,120000,,Cheapest,9182
2026-06-02 17:55:06,14,2026-06-16,Tuesday,3:00 AM,4:30 AM,HYD,BOM,IndiGo,,90,0,57000,Typical,Best,10044
2026-06-02 17:55:06,14,2026-06-16,Tuesday,9:35 AM,2:50 PM,HYD,BOM,IndiGo,LR 120,315,1,120000,Typical,Cheapest,9182
2026-06-02 17:55:22,30,2026-07-02,Thursday,3:00 AM,4:30 AM,HYD,BOM,IndiGo,,90,0,73000,Typical,Best,8879
2026-06-02 17:55:22,30,2026-07-02,Thursday,6:30 AM,12:05 PM,HYD,BOM,IndiGo,LR 118,335,1,118000,Typical,Cheapest,8310
2026-06-02 17:55:33,60,2026-08-01,Saturday,3:00 AM,4:30 AM,HYD,BOM,IndiGo,,90,0,74000,,Best,9010
2026-06-02 17:55:33,60,2026-08-01,Saturday,6:00 PM,12:10 AM,HYD,BOM,IndiGo,PR 137,370,1,137000,,Cheapest,8572
2026-06-02 17:55:48,1,2026-06-03,Wednesday,11:50 PM,2:20 AM,HYD,DEL,IndiGo,,150,0,95000,,Best,15297
2026-06-02 17:55:48,1,2026-06-03,Wednesday,11:50 PM,2:20 AM,HYD,DEL,IndiGo,,150,0,95000,,Cheapest,15297
2026-06-02 17:56:03,3,2026-06-05,Friday,2:15 AM,4:40 AM,HYD,DEL,IndiGo,,145,0,95000,High,Best,13965
2026-06-02 17:56:03,3,2026-06-05,Friday,2:15 AM,4:40 AM,HYD,DEL,IndiGo,,145,0,95000,High,Cheapest,13965
2026-06-02 17:56:18,7,2026-06-09,Tuesday,9:15 PM,2:00 AM,HYD,DEL,IndiGo,MD 140,285,1,140000,High,Best,12040
2026-06-02 17:56:18,7,2026-06-09,Tuesday,9:15 PM,2:00 AM,HYD,DEL,IndiGo,MD 140,285,1,140000,High,Cheapest,12040
2026-06-02 17:56:32,14,2026-06-16,Tuesday,2:15 AM,4:40 AM,HYD,DEL,IndiGo,,145,0,95000,,Best,11662
2026-06-02 17:56:32,14,2026-06-16,Tuesday,2:15 AM,4:40 AM,HYD,DEL,IndiGo,,145,0,95000,,Cheapest,11662
2026-06-02 17:56:45,30,2026-07-02,Thursday,2:15 AM,4:40 AM,HYD,DEL,IndiGo,,145,0,96000,,Best,11662
2026-06-02 17:56:45,30,2026-07-02,Thursday,2:15 AM,4:40 AM,HYD,DEL,IndiGo,,145,0,96000,,Cheapest,11662
2026-06-02 17:56:59,60,2026-08-01,Saturday,2:15 AM,4:40 AM,HYD,DEL,IndiGo,,145,0,98000,High,Best,10874
2026-06-02 17:56:59,60,2026-08-01,Saturday,8:50 AM,2:10 PM,HYD,DEL,IndiGo,MD 144,320,1,144000,High,Cheapest,10448
2026-06-02 17:57:14,1,2026-06-03,Wednesday,9:25 PM,10:45 PM,HYD,BLR,IndiGo,,80,0,47000,,Best,8971
2026-06-02 17:57:14,1,2026-06-03,Wednesday,1:40 PM,6:35 PM,HYD,BLR,IndiGo,NQ 117,295,1,117000,,Cheapest,8831
2026-06-02 17:57:31,3,2026-06-05,Friday,6:30 AM,7:50 AM,HYD,BLR,IndiGo,,80,0,51000,,Best,8971
2026-06-02 17:57:31,3,2026-06-05,Friday,6:30 AM,7:50 AM,HYD,BLR,IndiGo,,80,0,51000,,Cheapest,8971
2026-06-02 17:57:47,7,2026-06-09,Tuesday,6:30 AM,7:50 AM,HYD,BLR,IndiGo,,80,0,51000,Typical,Best,8672
2026-06-02 17:57:47,7,2026-06-09,Tuesday,6:30 AM,7:50 AM,HYD,BLR,IndiGo,,80,0,51000,Typical,Cheapest,8672
2026-06-02 17:58:03,14,2026-06-16,Tuesday,8:05 AM,9:30 AM,HYD,BLR,IndiGo,,85,0,47000,Typical,Best,8672
2026-06-02 17:58:03,14,2026-06-16,Tuesday,8:05 AM,9:30 AM,HYD,BLR,IndiGo,,85,0,47000,Typical,Cheapest,8672
2026-06-02 17:58:14,30,2026-07-02,Thursday,6:30 AM,7:50 AM,HYD,BLR,IndiGo,,80,0,47000,Typical,Best,8672
2026-06-02 17:58:14,30,2026-07-02,Thursday,6:30 AM,7:50 AM,HYD,BLR,IndiGo,,80,0,47000,Typical,Cheapest,8672
2026-06-02 17:58:28,60,2026-08-01,Saturday,6:30 AM,7:50 AM,HYD,BLR,IndiGo,,80,0,48000,High,Best,8672
2026-06-02 17:58:28,60,2026-08-01,Saturday,6:30 AM,7:50 AM,HYD,BLR,IndiGo,,80,0,48000,High,Cheapest,8672
2026-06-02 17:58:41,1,2026-06-03,Wednesday,4:20 PM,5:40 PM,HYD,MAA,IndiGo,,80,0,49000,Typical,Best,10557
2026-06-02 17:58:41,1,2026-06-03,Wednesday,4:20 PM,5:40 PM,HYD,MAA,IndiGo,,80,0,49000,Typical,Cheapest,10557
2026-06-02 17:58:57,3,2026-06-05,Friday,10:25 PM,11:50 PM,HYD,MAA,IndiGo,,85,0,54000,High,Best,11391
2026-06-02 17:58:57,3,2026-06-05,Friday,10:25 PM,11:50 PM,HYD,MAA,IndiGo,,85,0,54000,High,Cheapest,11391
2026-06-02 17:59:09,7,2026-06-09,Tuesday,7:05 AM,8:25 AM,HYD,MAA,IndiGo,,80,0,54000,Typical,Best,10557
2026-06-02 17:59:09,7,2026-06-09,Tuesday,7:05 AM,8:25 AM,HYD,MAA,IndiGo,,80,0,54000,Typical,Cheapest,10557
2026-06-02 17:59:21,14,2026-06-16,Tuesday,7:05 AM,8:25 AM,HYD,MAA,IndiGo,,80,0,54000,Typical,Best,10557
2026-06-02 17:59:21,14,2026-06-16,Tuesday,7:05 AM,8:25 AM,HYD,MAA,IndiGo,,80,0,54000,Typical,Cheapest,10557
2026-06-02 17:59:36,30,2026-07-02,Thursday,7:05 AM,8:25 AM,HYD,MAA,IndiGo,,80,0,55000,Typical,Best,10557
2026-06-02 17:59:36,30,2026-07-02,Thursday,7:05 AM,8:25 AM,HYD,MAA,IndiGo,,80,0,55000,Typical,Cheapest,10557
2026-06-02 17:59:51,60,2026-08-01,Saturday,7:05 AM,8:25 AM,HYD,MAA,IndiGo,,80,0,55000,High,Best,10557
2026-06-02 17:59:51,60,2026-08-01,Saturday,11:45 AM,3:50 PM,HYD,MAA,IndiGo,OX 114,245,1,114000,High,Cheapest,10542
2026-06-02 18:00:01,1,2026-06-03,Wednesday,5:55 AM,8:05 AM,HYD,CCU,IndiGo,,130,0,90000,,Best,19932
2026-06-02 18:00:01,1,2026-06-03,Wednesday,5:25 PM,9:30 PM,HYD,CCU,IndiGo,TZ 121,245,1,121000,,Cheapest,18399
2026-06-02 18:00:11,3,2026-06-05,Friday,5:55 AM,8:05 AM,HYD,CCU,IndiGo,,130,0,90000,High,Best,15968
2026-06-02 18:00:11,3,2026-06-05,Friday,5:55 AM,8:05 AM,HYD,CCU,IndiGo,,130,0,90000,High,Cheapest,15968
2026-06-02 18:00:24,7,2026-06-09,Tuesday,9:20 AM,1:25 PM,HYD,CCU,IndiGo,PR 116,245,1,116000,,Best,15065
2026-06-02 18:00:24,7,2026-06-09,Tuesday,11:00 AM,5:05 PM,HYD,CCU,IndiGo,BI 118,365,1,118000,,Cheapest,14933
2026-06-02 18:00:39,14,2026-06-16,Tuesday,9:20 AM,1:25 PM,HYD,CCU,IndiGo,PR 116,245,1,116000,High,Best,14435
2026-06-02 18:00:39,14,2026-06-16,Tuesday,9:20 AM,1:25 PM,HYD,CCU,IndiGo,PR 116,245,1,116000,High,Cheapest,14435
2026-06-02 18:00:55,30,2026-07-02,Thursday,5:55 AM,8:05 AM,HYD,CCU,IndiGo,,130,0,91000,High,Best,12818
2026-06-02 18:00:55,30,2026-07-02,Thursday,5:55 AM,8:05 AM,HYD,CCU,IndiGo,,130,0,91000,High,Cheapest,12818
2026-06-02 18:01:11,60,2026-08-01,Saturday,5:55 AM,8:05 AM,HYD,CCU,IndiGo,,130,0,93000,Typical,Best,11558
2026-06-02 18:01:11,60,2026-08-01,Saturday,5:55 AM,8:05 AM,HYD,CCU,IndiGo,,130,0,93000,Typical,Cheapest,11558
2026-06-02 18:01:25,1,2026-06-03,Wednesday,4:35 AM,5:45 AM,HYD,PNQ,IndiGo,,70,0,47000,High,Best,11212
2026-06-02 18:01:25,1,2026-06-03,Wednesday,10:05 AM,6:10 PM,HYD,PNQ,IndiGo,BX 86,485,1,86000,High,Cheapest,10421
2026-06-02 18:01:34,3,2026-06-05,Friday,1:10 AM,2:20 AM,HYD,PNQ,IndiGo,,70,0,47000,High,Best,10792
2026-06-02 18:01:34,3,2026-06-05,Friday,10:05 AM,6:10 PM,HYD,PNQ,IndiGo,BX 86,485,1,86000,High,Cheapest,10421
2026-06-02 18:01:44,7,2026-06-09,Tuesday,1:10 AM,2:20 AM,HYD,PNQ,IndiGo,,70,0,47000,,Best,10477
2026-06-02 18:01:44,7,2026-06-09,Tuesday,1:55 PM,12:20 AM,HYD,PNQ,IndiGo,OX 94,625,1,94000,,Cheapest,9138
2026-06-02 18:01:56,14,2026-06-16,Tuesday,1:10 AM,2:20 AM,HYD,PNQ,IndiGo,,70,0,47000,High,Best,9847
2026-06-02 18:01:56,14,2026-06-16,Tuesday,1:10 AM,2:20 AM,HYD,PNQ,IndiGo,,70,0,47000,High,Cheapest,9847
2026-06-02 18:02:11,30,2026-07-02,Thursday,4:35 AM,5:45 AM,HYD,PNQ,IndiGo,,70,0,48000,High,Best,9322
2026-06-02 18:02:11,30,2026-07-02,Thursday,4:35 AM,5:45 AM,HYD,PNQ,IndiGo,,70,0,48000,High,Cheapest,9322
2026-06-02 18:02:20,60,2026-08-01,Saturday,4:35 AM,5:45 AM,HYD,PNQ,IndiGo,,70,0,48000,High,Best,9322
2026-06-02 18:02:20,60,2026-08-01,Saturday,4:35 AM,5:45 AM,HYD,PNQ,IndiGo,,70,0,48000,High,Cheapest,9322
2026-06-02 18:02:33,1,2026-06-03,Wednesday,11:30 PM,5:20 AM,HYD,AMD,IndiGo,OM 109,350,1,109000,Typical,Best,10959
2026-06-02 18:02:33,1,2026-06-03,Wednesday,11:30 PM,5:20 AM,HYD,AMD,IndiGo,OM 109,350,1,109000,Typical,Cheapest,10959
2026-06-02 18:02:48,3,2026-06-05,Friday,6:25 AM,8:10 AM,HYD,AMD,IndiGo,,105,0,77000,High,Best,11726
2026-06-02 18:02:48,3,2026-06-05,Friday,10:50 AM,5:15 PM,HYD,AMD,IndiGo,NQ 102,385,1,102000,High,Cheapest,11577
2026-06-02 18:02:58,7,2026-06-09,Tuesday,1:10 AM,6:10 AM,HYD,AMD,IndiGo,NQ 102,300,1,102000,Typical,Best,10823
2026-06-02 18:02:58,7,2026-06-09,Tuesday,1:10 AM,6:10 AM,HYD,AMD,IndiGo,NQ 102,300,1,102000,Typical,Cheapest,10823
2026-06-02 18:03:16,14,2026-06-16,Tuesday,7:20 AM,10:10 AM,HYD,AMD,Star Air,DC 176,170,1,176000,,Best,10659
2026-06-02 18:03:16,14,2026-06-16,Tuesday,7:20 AM,10:10 AM,HYD,AMD,Star Air,DC 176,170,1,176000,,Cheapest,10659
2026-06-02 18:03:32,30,2026-07-02,Thursday,7:20 AM,10:10 AM,HYD,AMD,Star Air,DC 177,170,1,177000,Typical,Best,10197
2026-06-02 18:03:32,30,2026-07-02,Thursday,7:20 AM,10:10 AM,HYD,AMD,Star Air,DC 177,170,1,177000,Typical,Cheapest,10197
2026-06-02 18:03:43,60,2026-08-01,Saturday,7:10 AM,10:00 AM,HYD,AMD,Star Air,DC 192,170,1,192000,High,Best,10000
2026-06-02 18:03:43,60,2026-08-01,Saturday,7:10 AM,10:00 AM,HYD,AMD,Star Air,DC 192,170,1,192000,High,Cheapest,10000
2026-06-02 18:03:52,1,2026-06-03,Wednesday,10:50 AM,3:10 PM,HYD,STV,IndiGo,NQ 83,260,1,83000,High,Best,14602
2026-06-02 18:03:52,1,2026-06-03,Wednesday,10:50 AM,3:10 PM,HYD,STV,IndiGo,NQ 83,260,1,83000,High,Cheapest,14602
2026-06-02 18:04:03,3,2026-06-05,Friday,10:50 AM,3:10 PM,HYD,STV,IndiGo,NQ 83,260,1,83000,High,Best,13836
2026-06-02 18:04:03,3,2026-06-05,Friday,10:50 AM,3:10 PM,HYD,STV,IndiGo,NQ 83,260,1,83000,High,Cheapest,13836
2026-06-02 18:04:19,7,2026-06-09,Tuesday,6:20 AM,7:55 AM,HYD,STV,IndiGo,,95,0,66000,High,Best,14513
2026-06-02 18:04:19,7,2026-06-09,Tuesday,6:20 AM,7:55 AM,HYD,STV,IndiGo,,95,0,66000,High,Cheapest,14513
2026-06-02 18:04:33,14,2026-06-16,Tuesday,6:20 AM,7:55 AM,HYD,STV,IndiGo,,95,0,66000,High,Best,13883
2026-06-02 18:04:33,14,2026-06-16,Tuesday,6:20 AM,7:55 AM,HYD,STV,IndiGo,,95,0,66000,High,Cheapest,13883
2026-06-02 18:04:46,30,2026-07-02,Thursday,6:20 AM,7:55 AM,HYD,STV,IndiGo,,95,0,67000,High,Best,11260
2026-06-02 18:04:46,30,2026-07-02,Thursday,6:20 AM,7:55 AM,HYD,STV,IndiGo,,95,0,67000,High,Cheapest,11260
2026-06-02 18:05:00,60,2026-08-01,Saturday,6:20 AM,7:55 AM,HYD,STV,IndiGo,,95,0,68000,,Best,10630
2026-06-02 18:05:00,60,2026-08-01,Saturday,6:20 AM,7:55 AM,HYD,STV,IndiGo,,95,0,68000,,Cheapest,10630
2026-06-02 18:05:16,1,2026-06-03,Wednesday,1:10 PM,2:25 PM,HYD,VTZ,IndiGo,,75,0,48000,,Best,8263
2026-06-02 18:05:16,1,2026-06-03,Wednesday,1:10 PM,2:25 PM,HYD,VTZ,IndiGo,,75,0,48000,,Cheapest,8263
2026-06-02 18:05:30,3,2026-06-05,Friday,7:15 AM,8:25 AM,HYD,VTZ,IndiGo,,70,0,53000,,Best,8263
2026-06-02 18:05:30,3,2026-06-05,Friday,7:15 AM,8:25 AM,HYD,VTZ,IndiGo,,70,0,53000,,Cheapest,8263
2026-06-02 18:05:44,7,2026-06-09,Tuesday,7:15 AM,8:25 AM,HYD,VTZ,IndiGo,,70,0,53000,,Best,8263
2026-06-02 18:05:44,7,2026-06-09,Tuesday,7:15 AM,8:25 AM,HYD,VTZ,IndiGo,,70,0,53000,,Cheapest,8263
2026-06-02 18:05:55,14,2026-06-16,Tuesday,7:15 AM,8:25 AM,HYD,VTZ,IndiGo,,70,0,48000,,Best,8263
2026-06-02 18:05:55,14,2026-06-16,Tuesday,7:15 AM,8:25 AM,HYD,VTZ,IndiGo,,70,0,48000,,Cheapest,8263
2026-06-02 18:06:06,30,2026-07-02,Thursday,7:15 AM,8:25 AM,HYD,VTZ,IndiGo,,70,0,49000,Typical,Best,7393
2026-06-02 18:06:06,30,2026-07-02,Thursday,7:15 AM,8:25 AM,HYD,VTZ,IndiGo,,70,0,49000,Typical,Cheapest,7393
2026-06-02 18:06:21,60,2026-08-01,Saturday,7:15 AM,8:25 AM,HYD,VTZ,IndiGo,,70,0,50000,Low,Best,7393
2026-06-02 18:06:21,60,2026-08-01,Saturday,7:15 AM,8:25 AM,HYD,VTZ,IndiGo,,70,0,50000,Low,Cheapest,7393
2026-06-02 18:06:34,1,2026-06-03,Wednesday,5:55 AM,7:55 AM,HYD,JAI,IndiGo,,120,0,81000,,Best,18864
2026-06-02 18:06:34,1,2026-06-03,Wednesday,7:50 AM,12:50 PM,HYD,JAI,IndiGo,DR 110,300,1,110000,,Cheapest,18800
2026-06-02 18:06:51,3,2026-06-05,Friday,5:55 AM,7:55 AM,HYD,JAI,IndiGo,,120,0,81000,High,Best,16554
2026-06-02 18:06:51,3,2026-06-05,Friday,5:55 AM,7:55 AM,HYD,JAI,IndiGo,,120,0,81000,High,Cheapest,16554
2026-06-02 18:07:06,7,2026-06-09,Tuesday,5:55 AM,7:55 AM,HYD,JAI,IndiGo,,120,0,81000,High,Best,16134
2026-06-02 18:07:06,7,2026-06-09,Tuesday,5:55 AM,7:55 AM,HYD,JAI,IndiGo,,120,0,81000,High,Cheapest,16134
2026-06-02 18:07:17,14,2026-06-16,Tuesday,5:55 AM,7:55 AM,HYD,JAI,IndiGo,,120,0,81000,High,Best,15714
2026-06-02 18:07:17,14,2026-06-16,Tuesday,5:55 AM,7:55 AM,HYD,JAI,IndiGo,,120,0,81000,High,Cheapest,15714
2026-06-02 18:07:29,30,2026-07-02,Thursday,5:55 AM,7:55 AM,HYD,JAI,IndiGo,,120,0,82000,Typical,Best,14813
2026-06-02 18:07:29,30,2026-07-02,Thursday,5:55 AM,7:55 AM,HYD,JAI,IndiGo,,120,0,82000,Typical,Cheapest,14813
2026-06-02 18:07:43,60,2026-08-01,Saturday,5:55 AM,7:55 AM,HYD,JAI,IndiGo,,120,0,83000,,Best,14297
2026-06-02 18:07:43,60,2026-08-01,Saturday,5:55 AM,7:55 AM,HYD,JAI,IndiGo,,120,0,83000,,Cheapest,14297
2026-06-02 18:07:56,1,2026-06-03,Wednesday,11:10 PM,12:50 AM,HYD,COK,IndiGo,,100,0,66000,,Best,14601
2026-06-02 18:07:56,1,2026-06-03,Wednesday,11:10 PM,12:50 AM,HYD,COK,IndiGo,,100,0,66000,,Cheapest,14601
2026-06-02 18:08:08,3,2026-06-05,Friday,2:10 PM,7:00 PM,HYD,COK,IndiGo,AA 103,290,1,103000,High,Best,11660
2026-06-02 18:08:08,3,2026-06-05,Friday,2:10 PM,7:00 PM,HYD,COK,IndiGo,AA 103,290,1,103000,High,Cheapest,11660
2026-06-02 18:08:23,7,2026-06-09,Tuesday,11:10 PM,12:50 AM,HYD,COK,IndiGo,,100,0,66000,High,Best,12476
2026-06-02 18:08:23,7,2026-06-09,Tuesday,11:10 PM,12:50 AM,HYD,COK,IndiGo,,100,0,66000,High,Cheapest,12476
2026-06-02 18:08:39,14,2026-06-16,Tuesday,2:10 PM,7:00 PM,HYD,COK,IndiGo,AA 103,290,1,103000,,Best,11279
2026-06-02 18:08:39,14,2026-06-16,Tuesday,2:10 PM,7:00 PM,HYD,COK,IndiGo,AA 103,290,1,103000,,Cheapest,11279
2026-06-02 18:08:54,30,2026-07-02,Thursday,9:35 AM,2:00 PM,HYD,COK,IndiGo,LR 93,265,1,93000,Typical,Best,10236
2026-06-02 18:08:54,30,2026-07-02,Thursday,9:35 AM,2:00 PM,HYD,COK,IndiGo,LR 93,265,1,93000,Typical,Cheapest,10236
2026-06-02 18:09:07,60,2026-08-01,Saturday,7:20 AM,9:00 AM,HYD,COK,IndiGo,,100,0,68000,High,Best,10622
2026-06-02 18:09:07,60,2026-08-01,Saturday,4:30 PM,8:25 PM,HYD,COK,IndiGo,LR 95,235,1,95000,High,Cheapest,10236
2026-06-02 18:09:24,1,2026-06-03,Wednesday,2:15 AM,9:10 AM,HYD,IXC,IndiGo,EL 129,415,1,129000,High,Best,22147
2026-06-02 18:09:24,1,2026-06-03,Wednesday,2:15 AM,9:10 AM,HYD,IXC,IndiGo,EL 129,415,1,129000,High,Cheapest,22147
2026-06-02 18:09:35,3,2026-06-05,Friday,7:40 PM,10:15 PM,HYD,IXC,IndiGo,,155,0,106000,High,Best,19642
2026-06-02 18:09:35,3,2026-06-05,Friday,7:40 PM,10:15 PM,HYD,IXC,IndiGo,,155,0,106000,High,Cheapest,19642
2026-06-02 18:09:45,7,2026-06-09,Tuesday,2:15 AM,9:10 AM,HYD,IXC,IndiGo,EL 129,415,1,129000,,Best,16594
2026-06-02 18:09:45,7,2026-06-09,Tuesday,2:15 AM,9:10 AM,HYD,IXC,IndiGo,EL 129,415,1,129000,,Cheapest,16594
2026-06-02 18:09:55,14,2026-06-16,Tuesday,1:20 PM,3:50 PM,HYD,IXC,IndiGo,,150,0,106000,,Best,16914
2026-06-02 18:09:55,14,2026-06-16,Tuesday,6:25 AM,3:00 PM,HYD,IXC,IndiGo,EL 129,515,1,129000,,Cheapest,15859
2026-06-02 18:10:07,30,2026-07-02,Thursday,11:50 AM,8:45 PM,HYD,IXC,IndiGo,AI 128,535,1,128000,High,Best,15303
2026-06-02 18:10:07,30,2026-07-02,Thursday,11:50 AM,8:45 PM,HYD,IXC,IndiGo,AI 128,535,1,128000,High,Cheapest,15303
2026-06-02 18:10:21,60,2026-08-01,Saturday,1:25 PM,3:50 PM,HYD,IXC,IndiGo,,145,0,109000,,Best,14499
2026-06-02 18:10:21,60,2026-08-01,Saturday,1:25 PM,3:50 PM,HYD,IXC,IndiGo,,145,0,109000,,Cheapest,14499
2026-06-02 18:10:35,1,2026-06-03,Wednesday,1:10 AM,6:40 AM,HYD,IDR,IndiGo,NQ 99,330,1,99000,High,Best,16219
2026-06-02 18:10:35,1,2026-06-03,Wednesday,1:10 AM,6:40 AM,HYD,IDR,IndiGo,NQ 99,330,1,99000,High,Cheapest,16219
2026-06-02 18:10:52,3,2026-06-05,Friday,1:10 AM,6:40 AM,HYD,IDR,IndiGo,NQ 99,330,1,99000,High,Best,12540
2026-06-02 18:10:52,3,2026-06-05,Friday,1:10 AM,6:40 AM,HYD,IDR,IndiGo,NQ 99,330,1,99000,High,Cheapest,12540
2026-06-02 18:11:04,7,2026-06-09,Tuesday,10:50 AM,3:15 PM,HYD,IDR,IndiGo,NQ 95,265,1,95000,High,Best,12960
2026-06-02 18:11:04,7,2026-06-09,Tuesday,10:50 AM,3:15 PM,HYD,IDR,IndiGo,NQ 95,265,1,95000,High,Cheapest,12960
2026-06-02 18:11:20,14,2026-06-16,Tuesday,10:50 AM,3:15 PM,HYD,IDR,IndiGo,NQ 95,265,1,95000,,Best,11701
2026-06-02 18:11:20,14,2026-06-16,Tuesday,10:50 AM,3:15 PM,HYD,IDR,IndiGo,NQ 95,265,1,95000,,Cheapest,11701
2026-06-02 18:11:36,30,2026-07-02,Thursday,10:50 AM,3:15 PM,HYD,IDR,IndiGo,NQ 96,265,1,96000,Typical,Best,10716
2026-06-02 18:11:36,30,2026-07-02,Thursday,10:50 AM,3:15 PM,HYD,IDR,IndiGo,NQ 96,265,1,96000,Typical,Cheapest,10716
2026-06-02 18:11:47,60,2026-08-01,Saturday,2:20 PM,3:45 PM,HYD,IDR,IndiGo,,85,0,58000,High,Best,10742
2026-06-02 18:11:47,60,2026-08-01,Saturday,1:10 AM,6:40 AM,HYD,IDR,IndiGo,NQ 102,330,1,102000,High,Cheapest,10716
2026-06-02 18:11:59,1,2026-06-03,Wednesday,6:05 PM,8:05 PM,HYD,LKO,IndiGo,,120,0,82000,High,Best,18333
2026-06-02 18:11:59,1,2026-06-03,Wednesday,6:05 PM,8:05 PM,HYD,LKO,IndiGo,,120,0,82000,High,Cheapest,18333
2026-06-02 18:12:10,3,2026-06-05,Friday,7:15 AM,9:20 AM,HYD,LKO,IndiGo,,125,0,82000,High,Best,15171
2026-06-02 18:12:10,3,2026-06-05,Friday,7:15 AM,9:20 AM,HYD,LKO,IndiGo,,125,0,82000,High,Cheapest,15171
2026-06-02 18:12:25,7,2026-06-09,Tuesday,7:15 AM,9:20 AM,HYD,LKO,IndiGo,,125,0,82000,High,Best,13818
2026-06-02 18:12:25,7,2026-06-09,Tuesday,7:15 AM,9:20 AM,HYD,LKO,IndiGo,,125,0,82000,High,Cheapest,13818
2026-06-02 18:12:38,14,2026-06-16,Tuesday,7:15 AM,9:20 AM,HYD,LKO,IndiGo,,125,0,82000,High,Best,13188
2026-06-02 18:12:38,14,2026-06-16,Tuesday,7:15 AM,9:20 AM,HYD,LKO,IndiGo,,125,0,82000,High,Cheapest,13188
2026-06-02 18:12:47,30,2026-07-02,Thursday,7:15 AM,9:20 AM,HYD,LKO,IndiGo,,125,0,83000,Typical,Best,12073
2026-06-02 18:12:47,30,2026-07-02,Thursday,7:15 AM,9:20 AM,HYD,LKO,IndiGo,,125,0,83000,Typical,Cheapest,12073
2026-06-02 18:13:00,60,2026-08-01,Saturday,7:15 AM,9:20 AM,HYD,LKO,IndiGo,,125,0,84000,Typical,Best,11337
2026-06-02 18:13:00,60,2026-08-01,Saturday,7:15 AM,9:20 AM,HYD,LKO,IndiGo,,125,0,84000,Typical,Cheapest,11337
2026-06-02 18:13:10,1,2026-06-03,Wednesday,10:00 PM,2:50 AM,MAA,BOM,IndiGo,LR 108,290,1,108000,High,Best,11033
2026-06-02 18:13:10,1,2026-06-03,Wednesday,10:00 PM,2:50 AM,MAA,BOM,IndiGo,LR 108,290,1,108000,High,Cheapest,11033
2026-06-02 18:13:24,3,2026-06-05,Friday,2:30 AM,4:50 AM,MAA,BOM,IndiGo,,140,0,97000,High,Best,11483
2026-06-02 18:13:24,3,2026-06-05,Friday,2:30 AM,4:50 AM,MAA,BOM,IndiGo,,140,0,97000,High,Cheapest,11483
2026-06-02 18:13:35,7,2026-06-09,Tuesday,2:30 AM,4:50 AM,MAA,BOM,IndiGo,,140,0,97000,,Best,11483
2026-06-02 18:13:35,7,2026-06-09,Tuesday,7:05 AM,12:05 PM,MAA,BOM,IndiGo,LR 108,300,1,108000,,Cheapest,11007
2026-06-02 18:13:46,14,2026-06-16,Tuesday,1:35 PM,3:40 PM,MAA,BOM,Akasa Air,,125,0,78000,Typical,Best,11120
2026-06-02 18:13:46,14,2026-06-16,Tuesday,10:55 AM,2:50 PM,MAA,BOM,IndiGo,LR 108,235,1,108000,Typical,Cheapest,10799
2026-06-02 18:14:03,30,2026-07-02,Thursday,1:35 PM,3:40 PM,MAA,BOM,Akasa Air,,125,0,84000,,Best,11033
2026-06-02 18:14:03,30,2026-07-02,Thursday,7:05 PM,12:05 AM,MAA,BOM,IndiGo,LR 110,300,1,110000,,Cheapest,11007
2026-06-02 18:14:15,60,2026-08-01,Saturday,1:35 PM,3:40 PM,MAA,BOM,Akasa Air,,125,0,85000,High,Best,10835
2026-06-02 18:14:15,60,2026-08-01,Saturday,1:35 PM,3:40 PM,MAA,BOM,Akasa Air,,125,0,85000,High,Cheapest,10835
2026-06-02 18:14:28,1,2026-06-03,Wednesday,10:55 AM,4:05 PM,MAA,DEL,IndiGo,LR 159,310,1,159000,High,Best,15935
2026-06-02 18:14:28,1,2026-06-03,Wednesday,10:55 AM,4:05 PM,MAA,DEL,IndiGo,LR 159,310,1,159000,High,Cheapest,15935
2026-06-02 18:14:46,3,2026-06-05,Friday,2:45 AM,5:40 AM,MAA,DEL,IndiGo,,175,0,122000,High,Best,14914
2026-06-02 18:14:46,3,2026-06-05,Friday,1:10 AM,7:15 AM,MAA,DEL,IndiGo,NQ 161,365,1,161000,High,Cheapest,14844
2026-06-02 18:14:59,7,2026-06-09,Tuesday,2:45 AM,5:40 AM,MAA,DEL,IndiGo,,175,0,122000,Typical,Best,14285
2026-06-02 18:14:59,7,2026-06-09,Tuesday,9:30 AM,2:55 PM,MAA,DEL,IndiGo,DR 142,325,1,142000,Typical,Cheapest,13721
2026-06-02 18:15:14,14,2026-06-16,Tuesday,2:45 AM,5:40 AM,MAA,DEL,IndiGo,,175,0,122000,Typical,Best,14075
2026-06-02 18:15:14,14,2026-06-16,Tuesday,9:30 AM,2:55 PM,MAA,DEL,IndiGo,DR 142,325,1,142000,Typical,Cheapest,13511
2026-06-02 18:15:28,30,2026-07-02,Thursday,2:45 AM,5:40 AM,MAA,DEL,IndiGo,,175,0,124000,,Best,14285
2026-06-02 18:15:28,30,2026-07-02,Thursday,9:30 AM,2:55 PM,MAA,DEL,IndiGo,DR 144,325,1,144000,,Cheapest,13721
2026-06-02 18:15:44,60,2026-08-01,Saturday,3:55 AM,9:15 AM,MAA,DEL,IndiGo,MD 167,320,1,167000,High,Best,13721
2026-06-02 18:15:44,60,2026-08-01,Saturday,1:10 PM,6:45 PM,MAA,DEL,IndiGo,PR 155,335,1,155000,High,Cheapest,13511
2026-06-02 18:16:00,1,2026-06-03,Wednesday,6:25 AM,7:50 AM,MAA,BLR,Air India ExpressAir India,,85,0,45000,Typical,Best,8328
2026-06-02 18:16:00,1,2026-06-03,Wednesday,10:00 PM,11:00 PM,MAA,BLR,IndiGo,,60,0,39000,Typical,Cheapest,8079
2026-06-02 18:16:14,3,2026-06-05,Friday,8:55 AM,10:05 AM,MAA,BLR,IndiGo,,70,0,35000,Typical,Best,8079
2026-06-02 18:16:14,3,2026-06-05,Friday,8:55 AM,10:05 AM,MAA,BLR,IndiGo,,70,0,35000,Typical,Cheapest,8079
2026-06-02 18:16:29,7,2026-06-09,Tuesday,7:05 AM,8:05 AM,MAA,BLR,IndiGo,,60,0,39000,Typical,Best,8079
2026-06-02 18:16:29,7,2026-06-09,Tuesday,7:05 AM,8:05 AM,MAA,BLR,IndiGo,,60,0,39000,Typical,Cheapest,8079
2026-06-02 18:16:40,14,2026-06-16,Tuesday,7:05 AM,8:05 AM,MAA,BLR,IndiGo,,60,0,39000,Typical,Best,8079
2026-06-02 18:16:40,14,2026-06-16,Tuesday,7:05 AM,8:05 AM,MAA,BLR,IndiGo,,60,0,39000,Typical,Cheapest,8079
2026-06-02 18:16:52,30,2026-07-02,Thursday,8:55 AM,10:05 AM,MAA,BLR,IndiGo,,70,0,36000,Typical,Best,8079
2026-06-02 18:16:52,30,2026-07-02,Thursday,8:55 AM,10:05 AM,MAA,BLR,IndiGo,,70,0,36000,Typical,Cheapest,8079
2026-06-02 18:17:03,60,2026-08-01,Saturday,7:05 AM,8:05 AM,MAA,BLR,IndiGo,,60,0,40000,High,Best,8079
2026-06-02 18:17:03,60,2026-08-01,Saturday,7:05 AM,8:05 AM,MAA,BLR,IndiGo,,60,0,40000,High,Cheapest,8079
2026-06-02 18:17:15,1,2026-06-03,Wednesday,10:20 PM,3:10 AM,MAA,HYD,IndiGo,NQ 118,290,1,118000,,Best,10735
2026-06-02 18:17:15,1,2026-06-03,Wednesday,10:20 PM,3:10 AM,MAA,HYD,IndiGo,NQ 118,290,1,118000,,Cheapest,10735
2026-06-02 18:17:30,3,2026-06-05,Friday,9:25 PM,10:40 PM,MAA,HYD,IndiGo,,75,0,49000,Typical,Best,10557
2026-06-02 18:17:30,3,2026-06-05,Friday,9:25 PM,10:40 PM,MAA,HYD,IndiGo,,75,0,49000,Typical,Cheapest,10557
2026-06-02 18:17:42,7,2026-06-09,Tuesday,12:00 PM,1:15 PM,MAA,HYD,IndiGo,,75,0,53000,,Best,10557
2026-06-02 18:17:42,7,2026-06-09,Tuesday,12:00 PM,1:15 PM,MAA,HYD,IndiGo,,75,0,53000,,Cheapest,10557
2026-06-02 18:17:54,14,2026-06-16,Tuesday,7:10 AM,8:25 AM,MAA,HYD,IndiGo,,75,0,49000,Typical,Best,10557
2026-06-02 18:17:54,14,2026-06-16,Tuesday,7:10 AM,8:25 AM,MAA,HYD,IndiGo,,75,0,49000,Typical,Cheapest,10557
2026-06-02 18:18:08,30,2026-07-02,Thursday,7:10 AM,8:25 AM,MAA,HYD,IndiGo,,75,0,50000,Typical,Best,10557
2026-06-02 18:18:08,30,2026-07-02,Thursday,7:10 AM,8:25 AM,MAA,HYD,IndiGo,,75,0,50000,Typical,Cheapest,10557
2026-06-02 18:18:25,60,2026-08-01,Saturday,7:10 AM,8:25 AM,MAA,HYD,IndiGo,,75,0,50000,High,Best,10557
2026-06-02 18:18:25,60,2026-08-01,Saturday,7:10 AM,8:25 AM,MAA,HYD,IndiGo,,75,0,50000,High,Cheapest,10557
2026-06-02 18:18:38,1,2026-06-03,Wednesday,9:10 PM,11:30 PM,MAA,CCU,IndiGo,,140,0,98000,High,Best,14033
2026-06-02 18:18:38,1,2026-06-03,Wednesday,9:10 PM,11:30 PM,MAA,CCU,IndiGo,,140,0,98000,High,Cheapest,14033
2026-06-02 18:18:51,3,2026-06-05,Friday,5:25 AM,7:45 AM,MAA,CCU,IndiGo,,140,0,98000,High,Best,13375
2026-06-02 18:18:51,3,2026-06-05,Friday,5:25 AM,7:45 AM,MAA,CCU,IndiGo,,140,0,98000,High,Cheapest,13375
2026-06-02 18:19:10,7,2026-06-09,Tuesday,5:25 AM,7:45 AM,MAA,CCU,IndiGo,,140,0,98000,High,Best,11707
2026-06-02 18:19:10,7,2026-06-09,Tuesday,5:25 AM,7:45 AM,MAA,CCU,IndiGo,,140,0,98000,High,Cheapest,11707
2026-06-02 18:19:25,14,2026-06-16,Tuesday,5:25 AM,7:45 AM,MAA,CCU,IndiGo,,140,0,98000,Typical,Best,11392
2026-06-02 18:19:25,14,2026-06-16,Tuesday,5:25 AM,7:45 AM,MAA,CCU,IndiGo,,140,0,98000,Typical,Cheapest,11392
2026-06-02 18:19:43,30,2026-07-02,Thursday,5:25 AM,7:45 AM,MAA,CCU,IndiGo,,140,0,100000,Typical,Best,11392
2026-06-02 18:19:43,30,2026-07-02,Thursday,5:25 AM,7:45 AM,MAA,CCU,IndiGo,,140,0,100000,Typical,Cheapest,11392
2026-06-02 18:19:59,60,2026-08-01,Saturday,5:25 AM,7:45 AM,MAA,CCU,IndiGo,,140,0,101000,Typical,Best,11392
2026-06-02 18:19:59,60,2026-08-01,Saturday,5:25 AM,7:45 AM,MAA,CCU,IndiGo,,140,0,101000,Typical,Cheapest,11392
2026-06-02 18:20:11,1,2026-06-03,Wednesday,1:10 AM,2:50 AM,MAA,PNQ,IndiGo,,100,0,70000,Typical,Best,9830
2026-06-02 18:20:11,1,2026-06-03,Wednesday,1:10 AM,2:50 AM,MAA,PNQ,IndiGo,,100,0,70000,Typical,Cheapest,9830
2026-06-02 18:20:24,3,2026-06-05,Friday,1:10 AM,2:50 AM,MAA,PNQ,IndiGo,,100,0,70000,Typical,Best,9830
2026-06-02 18:20:24,3,2026-06-05,Friday,1:10 AM,2:50 AM,MAA,PNQ,IndiGo,,100,0,70000,Typical,Cheapest,9830
2026-06-02 18:20:37,7,2026-06-09,Tuesday,1:10 AM,2:50 AM,MAA,PNQ,IndiGo,,100,0,70000,,Best,9830
2026-06-02 18:20:37,7,2026-06-09,Tuesday,1:10 AM,2:50 AM,MAA,PNQ,IndiGo,,100,0,70000,,Cheapest,9830
2026-06-02 18:20:50,14,2026-06-16,Tuesday,1:10 AM,2:50 AM,MAA,PNQ,IndiGo,,100,0,70000,,Best,9830
2026-06-02 18:20:50,14,2026-06-16,Tuesday,1:10 AM,2:50 AM,MAA,PNQ,IndiGo,,100,0,70000,,Cheapest,9830
2026-06-02 18:21:01,30,2026-07-02,Thursday,3:10 AM,4:45 AM,MAA,PNQ,IndiGo,,95,0,71000,Typical,Best,9830
2026-06-02 18:21:01,30,2026-07-02,Thursday,3:10 AM,4:45 AM,MAA,PNQ,IndiGo,,95,0,71000,Typical,Cheapest,9830
2026-06-02 18:21:11,60,2026-08-01,Saturday,3:10 AM,4:45 AM,MAA,PNQ,IndiGo,,95,0,72000,High,Best,9830
2026-06-02 18:21:11,60,2026-08-01,Saturday,3:10 AM,4:45 AM,MAA,PNQ,IndiGo,,95,0,72000,High,Cheapest,9830
2026-06-02 18:21:26,1,2026-06-03,Wednesday,10:20 PM,6:10 AM,MAA,AMD,IndiGo,NQ 125,470,1,125000,High,Best,14384
2026-06-02 18:21:26,1,2026-06-03,Wednesday,10:20 PM,6:10 AM,MAA,AMD,IndiGo,NQ 125,470,1,125000,High,Cheapest,14384
2026-06-02 18:21:41,3,2026-06-05,Friday,3:55 AM,6:10 AM,MAA,AMD,IndiGo,,135,0,99000,High,Best,13741
2026-06-02 18:21:41,3,2026-06-05,Friday,3:55 AM,6:10 AM,MAA,AMD,IndiGo,,135,0,99000,High,Cheapest,13741
2026-06-02 18:21:57,7,2026-06-09,Tuesday,3:55 AM,6:10 AM,MAA,AMD,IndiGo,,135,0,99000,High,Best,13739
2026-06-02 18:21:57,7,2026-06-09,Tuesday,1:10 AM,6:10 AM,MAA,AMD,IndiGo,NQ 125,300,1,125000,High,Cheapest,13571
2026-06-02 18:22:07,14,2026-06-16,Tuesday,5:40 AM,10:05 AM,MAA,AMD,IndiGo,NQ 125,265,1,125000,Typical,Best,12450
2026-06-02 18:22:07,14,2026-06-16,Tuesday,5:40 AM,10:05 AM,MAA,AMD,IndiGo,NQ 125,265,1,125000,Typical,Cheapest,12450
2026-06-02 18:22:23,30,2026-07-02,Thursday,3:55 AM,6:10 AM,MAA,AMD,IndiGo,,135,0,101000,High,Best,12269
2026-06-02 18:22:23,30,2026-07-02,Thursday,3:55 AM,6:10 AM,MAA,AMD,IndiGo,,135,0,101000,High,Cheapest,12269
2026-06-02 18:22:36,60,2026-08-01,Saturday,4:50 AM,10:05 AM,MAA,AMD,IndiGo,NQ 129,315,1,129000,High,Best,11846
2026-06-02 18:22:36,60,2026-08-01,Saturday,4:50 AM,10:05 AM,MAA,AMD,IndiGo,NQ 129,315,1,129000,High,Cheapest,11846
2026-06-02 18:22:48,1,2026-06-03,Wednesday,9:30 AM,11:35 AM,MAA,STV,IndiGo,,125,0,88000,High,Best,16563
2026-06-02 18:22:48,1,2026-06-03,Wednesday,9:30 AM,11:35 AM,MAA,STV,IndiGo,,125,0,88000,High,Cheapest,16563
2026-06-02 18:23:03,3,2026-06-05,Friday,9:30 AM,11:35 AM,MAA,STV,IndiGo,,125,0,88000,,Best,15530
2026-06-02 18:23:03,3,2026-06-05,Friday,9:30 AM,11:35 AM,MAA,STV,IndiGo,,125,0,88000,,Cheapest,15530
2026-06-02 18:23:14,7,2026-06-09,Tuesday,8:55 AM,2:50 PM,MAA,STV,IndiGo,LR 113,355,1,113000,Typical,Best,15134
2026-06-02 18:23:14,7,2026-06-09,Tuesday,9:25 PM,7:55 AM,MAA,STV,IndiGo,YD 115,630,1,115000,Typical,Cheapest,14540
2026-06-02 18:23:25,14,2026-06-16,Tuesday,2:00 PM,9:05 PM,MAA,STV,"Air India, Air India Express",EL 243,425,1,243000,,Best,
2026-06-02 18:23:25,14,2026-06-16,Tuesday,2:00 PM,9:05 PM,MAA,STV,"Air India, Air India Express",EL 243,425,1,243000,,Cheapest,
2026-06-02 18:23:37,30,2026-07-02,Thursday,9:25 PM,7:55 AM,MAA,STV,IndiGo,YD 116,630,1,116000,,Best,15743
2026-06-02 18:23:37,30,2026-07-02,Thursday,9:25 PM,7:55 AM,MAA,STV,IndiGo,YD 116,630,1,116000,,Cheapest,15743
2026-06-02 18:23:47,60,2026-08-01,Saturday,9:25 PM,7:55 AM,MAA,STV,IndiGo,YD 118,630,1,118000,High,Best,13089
2026-06-02 18:23:47,60,2026-08-01,Saturday,9:25 PM,7:55 AM,MAA,STV,IndiGo,YD 118,630,1,118000,High,Cheapest,13089
2026-06-02 18:23:59,1,2026-06-03,Wednesday,12:00 PM,3:45 PM,MAA,VTZ,IndiGo,YD 102,225,1,102000,High,Best,19070
2026-06-02 18:23:59,1,2026-06-03,Wednesday,2:35 PM,8:30 PM,MAA,VTZ,IndiGo,LR 105,355,1,105000,High,Cheapest,18971
2026-06-02 18:24:12,3,2026-06-05,Friday,8:55 AM,2:10 PM,MAA,VTZ,IndiGo,LR 115,315,1,115000,High,Best,13307
2026-06-02 18:24:12,3,2026-06-05,Friday,10:35 PM,8:25 AM,MAA,VTZ,IndiGo,YD 102,590,1,102000,High,Cheapest,12827
2026-06-02 18:24:26,7,2026-06-09,Tuesday,4:15 PM,8:30 PM,MAA,VTZ,IndiGo,LR 99,255,1,99000,High,Best,9737
2026-06-02 18:24:26,7,2026-06-09,Tuesday,4:15 PM,8:30 PM,MAA,VTZ,IndiGo,LR 99,255,1,99000,High,Cheapest,9737
2026-06-02 18:24:42,14,2026-06-16,Tuesday,8:55 AM,2:10 PM,MAA,VTZ,IndiGo,LR 99,315,1,99000,,Best,9422
2026-06-02 18:24:42,14,2026-06-16,Tuesday,8:55 AM,2:10 PM,MAA,VTZ,IndiGo,LR 99,315,1,99000,,Cheapest,9422
2026-06-02 18:24:54,30,2026-07-02,Thursday,4:30 PM,5:55 PM,MAA,VTZ,IndiGo,,85,0,56000,,Best,8739
2026-06-02 18:24:54,30,2026-07-02,Thursday,4:30 PM,5:55 PM,MAA,VTZ,IndiGo,,85,0,56000,,Cheapest,8739
2026-06-02 18:25:09,60,2026-08-01,Saturday,4:30 PM,5:55 PM,MAA,VTZ,IndiGo,,85,0,56000,High,Best,8179
2026-06-02 18:25:09,60,2026-08-01,Saturday,4:30 PM,5:55 PM,MAA,VTZ,IndiGo,,85,0,56000,High,Cheapest,8179
2026-06-02 18:25:24,1,2026-06-03,Wednesday,7:05 AM,12:05 PM,MAA,JAI,IndiGo,LR 144,300,1,144000,High,Best,21499
2026-06-02 18:25:24,1,2026-06-03,Wednesday,10:35 PM,7:55 AM,MAA,JAI,IndiGo,YD 130,560,1,130000,High,Cheapest,20870
2026-06-02 18:25:36,3,2026-06-05,Friday,7:00 PM,9:30 PM,MAA,JAI,IndiGo,,150,0,107000,High,Best,17763
2026-06-02 18:25:36,3,2026-06-05,Friday,7:00 PM,9:30 PM,MAA,JAI,IndiGo,,150,0,107000,High,Cheapest,17763
2026-06-02 18:25:47,7,2026-06-09,Tuesday,9:05 AM,1:45 PM,MAA,JAI,IndiGo,YD 134,280,1,134000,,Best,17201
2026-06-02 18:25:47,7,2026-06-09,Tuesday,10:35 PM,7:55 AM,MAA,JAI,IndiGo,YD 130,560,1,130000,,Cheapest,16651
2026-06-02 18:25:56,14,2026-06-16,Tuesday,7:00 PM,9:30 PM,MAA,JAI,IndiGo,,150,0,107000,High,Best,16941
2026-06-02 18:25:56,14,2026-06-16,Tuesday,7:00 PM,9:30 PM,MAA,JAI,IndiGo,,150,0,107000,High,Cheapest,16941
2026-06-02 18:26:06,30,2026-07-02,Thursday,7:00 PM,9:30 PM,MAA,JAI,IndiGo,,150,0,109000,High,Best,16049
2026-06-02 18:26:06,30,2026-07-02,Thursday,7:00 PM,9:30 PM,MAA,JAI,IndiGo,,150,0,109000,High,Cheapest,16049
2026-06-02 18:26:23,60,2026-08-01,Saturday,7:00 PM,9:30 PM,MAA,JAI,IndiGo,,150,0,111000,,Best,15205
2026-06-02 18:26:23,60,2026-08-01,Saturday,7:00 PM,9:30 PM,MAA,JAI,IndiGo,,150,0,111000,,Cheapest,15205
2026-06-02 18:26:39,1,2026-06-03,Wednesday,8:55 AM,2:00 PM,MAA,COK,IndiGo,LR 76,305,1,76000,High,Best,14364
2026-06-02 18:26:39,1,2026-06-03,Wednesday,8:55 AM,7:05 PM,MAA,COK,IndiGo,LR 76,610,1,76000,High,Cheapest,12489
2026-06-02 18:26:53,3,2026-06-05,Friday,8:55 AM,2:00 PM,MAA,COK,IndiGo,LR 76,305,1,76000,Typical,Best,10957
2026-06-02 18:26:53,3,2026-06-05,Friday,8:55 AM,2:00 PM,MAA,COK,IndiGo,LR 76,305,1,76000,Typical,Cheapest,10957
2026-06-02 18:27:08,7,2026-06-09,Tuesday,8:00 AM,9:10 AM,MAA,COK,IndiGo,,70,0,49000,High,Best,12785
2026-06-02 18:27:08,7,2026-06-09,Tuesday,8:55 AM,7:05 PM,MAA,COK,IndiGo,LR 76,610,1,76000,High,Cheapest,11908
2026-06-02 18:27:21,14,2026-06-16,Tuesday,7:05 AM,11:30 AM,MAA,COK,IndiGo,LR 85,265,1,85000,High,Best,12393
2026-06-02 18:27:21,14,2026-06-16,Tuesday,12:10 PM,7:00 PM,MAA,COK,IndiGo,RV 85,410,1,85000,High,Cheapest,12080
2026-06-02 18:27:31,30,2026-07-02,Thursday,8:55 AM,2:00 PM,MAA,COK,IndiGo,LR 77,305,1,77000,Typical,Best,9930
2026-06-02 18:27:31,30,2026-07-02,Thursday,8:55 AM,2:00 PM,MAA,COK,IndiGo,LR 77,305,1,77000,Typical,Cheapest,9930
2026-06-02 18:27:44,60,2026-08-01,Saturday,8:00 AM,9:10 AM,MAA,COK,IndiGo,,70,0,51000,High,Best,9885
2026-06-02 18:27:44,60,2026-08-01,Saturday,8:00 AM,9:10 AM,MAA,COK,IndiGo,,70,0,51000,High,Cheapest,9885
2026-06-02 18:28:01,1,2026-06-03,Wednesday,3:45 PM,6:55 PM,MAA,IXC,IndiGo,,190,0,135000,,Best,21027
2026-06-02 18:28:01,1,2026-06-03,Wednesday,3:45 PM,6:55 PM,MAA,IXC,IndiGo,,190,0,135000,,Cheapest,21027
2026-06-02 18:28:11,3,2026-06-05,Friday,3:45 PM,6:55 PM,MAA,IXC,IndiGo,,190,0,135000,High,Best,19032
2026-06-02 18:28:11,3,2026-06-05,Friday,3:45 PM,6:55 PM,MAA,IXC,IndiGo,,190,0,135000,High,Cheapest,19032
2026-06-02 18:28:26,7,2026-06-09,Tuesday,10:20 PM,5:20 AM,MAA,IXC,IndiGo,NQ 169,420,1,169000,Typical,Best,16940
2026-06-02 18:28:26,7,2026-06-09,Tuesday,10:20 PM,5:20 AM,MAA,IXC,IndiGo,NQ 169,420,1,169000,Typical,Cheapest,16940
2026-06-02 18:28:38,14,2026-06-16,Tuesday,5:45 PM,11:40 PM,MAA,IXC,IndiGo,LR 168,355,1,168000,High,Best,21938
2026-06-02 18:28:38,14,2026-06-16,Tuesday,10:00 PM,7:40 AM,MAA,IXC,IndiGo,LR 198,580,1,198000,High,Cheapest,20888
2026-06-02 18:28:54,30,2026-07-02,Thursday,7:10 AM,3:50 PM,MAA,IXC,IndiGo,YD 157,520,1,157000,Typical,Best,15943
2026-06-02 18:28:54,30,2026-07-02,Thursday,7:10 AM,3:50 PM,MAA,IXC,IndiGo,YD 157,520,1,157000,Typical,Cheapest,15943
2026-06-02 18:29:10,60,2026-08-01,Saturday,9:15 AM,3:00 PM,MAA,IXC,IndiGo,EL 160,345,1,160000,High,Best,15333
2026-06-02 18:29:10,60,2026-08-01,Saturday,9:05 AM,3:50 PM,MAA,IXC,IndiGo,YD 164,405,1,164000,High,Cheapest,15255
2026-06-02 18:29:22,1,2026-06-03,Wednesday,11:00 AM,8:00 PM,MAA,IDR,IndiGo,OM 135,540,1,135000,High,Best,14730
2026-06-02 18:29:22,1,2026-06-03,Wednesday,11:00 AM,8:00 PM,MAA,IDR,IndiGo,OM 135,540,1,135000,High,Cheapest,14730
2026-06-02 18:29:36,3,2026-06-05,Friday,1:10 AM,6:40 AM,MAA,IDR,IndiGo,NQ 122,330,1,122000,,Best,14148
2026-06-02 18:29:36,3,2026-06-05,Friday,1:10 AM,6:40 AM,MAA,IDR,IndiGo,NQ 122,330,1,122000,,Cheapest,14148
2026-06-02 18:29:52,7,2026-06-09,Tuesday,2:35 PM,7:50 PM,MAA,IDR,IndiGo,LR 122,315,1,122000,High,Best,14598
2026-06-02 18:29:52,7,2026-06-09,Tuesday,5:40 AM,3:15 PM,MAA,IDR,IndiGo,NQ 122,575,1,122000,High,Cheapest,14520
2026-06-02 18:30:02,14,2026-06-16,Tuesday,11:10 AM,3:15 PM,MAA,IDR,IndiGo,NQ 118,245,1,118000,High,Best,14520
2026-06-02 18:30:02,14,2026-06-16,Tuesday,11:10 AM,3:15 PM,MAA,IDR,IndiGo,NQ 118,245,1,118000,High,Cheapest,14520
2026-06-02 18:30:14,30,2026-07-02,Thursday,11:10 AM,3:15 PM,MAA,IDR,IndiGo,NQ 120,245,1,120000,High,Best,13208
2026-06-02 18:30:14,30,2026-07-02,Thursday,11:10 AM,3:15 PM,MAA,IDR,IndiGo,NQ 120,245,1,120000,High,Cheapest,13208
2026-06-02 18:30:32,60,2026-08-01,Saturday,12:00 PM,3:45 PM,MAA,IDR,IndiGo,YD 113,225,1,113000,High,Best,12438
2026-06-02 18:30:32,60,2026-08-01,Saturday,12:00 PM,3:45 PM,MAA,IDR,IndiGo,YD 113,225,1,113000,High,Cheapest,12438
2026-06-02 18:30:46,1,2026-06-03,Wednesday,7:05 AM,1:25 PM,MAA,LKO,IndiGo,LR 145,380,1,145000,High,Best,21037
2026-06-02 18:30:46,1,2026-06-03,Wednesday,10:35 PM,9:20 AM,MAA,LKO,IndiGo,YD 131,645,1,131000,High,Cheapest,20348
2026-06-02 18:30:57,3,2026-06-05,Friday,12:30 PM,3:05 PM,MAA,LKO,IndiGo,,155,0,113000,High,Best,19649
2026-06-02 18:30:57,3,2026-06-05,Friday,12:30 PM,3:05 PM,MAA,LKO,IndiGo,,155,0,113000,High,Cheapest,19649
2026-06-02 18:31:12,7,2026-06-09,Tuesday,10:35 PM,8:30 AM,MAA,LKO,IndiGo,YD 131,595,1,131000,High,Best,18963
2026-06-02 18:31:12,7,2026-06-09,Tuesday,10:35 PM,8:30 AM,MAA,LKO,IndiGo,YD 131,595,1,131000,High,Cheapest,18963
2026-06-02 18:31:25,14,2026-06-16,Tuesday,4:15 PM,9:45 PM,MAA,LKO,IndiGo,LR 141,330,1,141000,High,Best,20558
2026-06-02 18:31:25,14,2026-06-16,Tuesday,9:25 PM,8:30 AM,MAA,LKO,IndiGo,YD 131,665,1,131000,High,Cheapest,19069
2026-06-02 18:31:41,30,2026-07-02,Thursday,4:15 PM,9:45 PM,MAA,LKO,IndiGo,LR 144,330,1,144000,Typical,Best,16111
2026-06-02 18:31:41,30,2026-07-02,Thursday,9:05 AM,8:05 PM,MAA,LKO,IndiGo,YD 142,660,1,142000,Typical,Cheapest,15477
2026-06-02 18:31:55,60,2026-08-01,Saturday,12:00 PM,8:05 PM,MAA,LKO,IndiGo,YD 144,485,1,144000,,Best,16850
2026-06-02 18:31:55,60,2026-08-01,Saturday,12:00 PM,8:05 PM,MAA,LKO,IndiGo,YD 144,485,1,144000,,Cheapest,16850
